source,line,exclusive_seconds,exclusive_percent
[unknown],0,18.339437,70.564250
C:\Users\mrobe\Documents\git_repos\oldschool-clientc\3rd\rscache\src\checksum.c,108,0.317325,1.220964
C:\Users\mrobe\Documents\git_repos\oldschool-clientc\3rd\bzip\bzip.c,549,0.240280,0.924520
C:\Users\mrobe\Documents\git_repos\oldschool-clientc\3rd\rscache\src\checksum.c,109,0.223467,0.859829
C:\Users\mrobe\Documents\git_repos\oldschool-clientc\3rd\bzip\bzip.c,533,0.203162,0.781702
C:\Users\mrobe\Documents\git_repos\oldschool-clientc\3rd\bzip\bzip.c,469,0.167022,0.642647
C:\Users\mrobe\Documents\git_repos\oldschool-clientc\3rd\rscache\src\checksum.c,105,0.162073,0.623605
R:\winlibs_staging_msvcrt32\gcc-15.2.0\build_mingw\i686-w64-mingw32\libgcc\..\..\..\libgcc\libgcc2.c,1029,0.146537,0.563827
C:\Users\mrobe\Documents\git_repos\oldschool-clientc\3rd\rscache\src\checksum.c,106,0.116187,0.447050
C:\Users\mrobe\Documents\git_repos\oldschool-clientc\3rd\bzip\bzip.c,358,0.111310,0.428285
C:\Users\mrobe\Documents\git_repos\oldschool-clientc\3rd\bzip\bzip.c,357,0.110413,0.424834
C:\Users\mrobe\Documents\git_repos\oldschool-clientc\src\game\rs_cs2_host.c,5156,0.102528,0.394495
C:\Users\mrobe\Documents\git_repos\oldschool-clientc\3rd\toridraw\toridraw_lighting.c,167,0.092863,0.357307
C:\Users\mrobe\Documents\git_repos\oldschool-clientc\src\engine\uitree_from_component.c,126,0.092749,0.356868
C:\Users\mrobe\Documents\git_repos\oldschool-clientc\3rd\toridraw\toridraw_lighting.c,87,0.090704,0.349000
C:\Users\mrobe\Documents\git_repos\oldschool-clientc\src\app.c,6101,0.084983,0.326987
C:\Users\mrobe\Documents\git_repos\oldschool-clientc\3rd\bzip\bzip.c,409,0.084042,0.323367
C:\Users\mrobe\Documents\git_repos\oldschool-clientc\3rd\bzip\bzip.c,361,0.080061,0.308049
C:\Users\mrobe\Documents\git_repos\oldschool-clientc\src\ui\uitree_layout.c,493,0.078156,0.300719
C:\Users\mrobe\Documents\git_repos\oldschool-clientc\3rd\rscache\src\dat2disk.c,269,0.068363,0.263039
C:\Users\mrobe\Documents\git_repos\oldschool-clientc\3rd\rscache\src\reference_table.c,74,0.063608,0.244743
C:\Users\mrobe\Documents\git_repos\oldschool-clientc\3rd\bzip\bzip.c,370,0.056645,0.217952
C:\Users\mrobe\Documents\git_repos\oldschool-clientc\src\ui\uitree_layout.c,431,0.055807,0.214727
C:\Users\mrobe\Documents\git_repos\oldschool-clientc\src\js5\js5.c,1310,0.054657,0.210303
C:\Users\mrobe\Documents\git_repos\oldschool-clientc\3rd\bzip\bzip.c,340,0.053686,0.206566
C:\Users\mrobe\Documents\git_repos\oldschool-clientc\3rd\toridraw\graphics\raster\gouraudhsllightness\gouraudhsllightness_barycentric_steps.h,18,0.050758,0.195300
C:\Users\mrobe\Documents\git_repos\oldschool-clientc\3rd\bzip\bzip.c,531,0.046853,0.180275
C:\Users\mrobe\Documents\git_repos\oldschool-clientc\3rd\toridraw\toridraw_lighting.c,174,0.045890,0.176570
C:\Users\mrobe\Documents\git_repos\oldschool-clientc\src\plugin\torirs_plugin_bridge.u.c,557,0.044951,0.172957
C:\Users\mrobe\Documents\git_repos\oldschool-clientc\3rd\bzip\bzip.c,468,0.042990,0.165412
C:\Users\mrobe\Documents\git_repos\oldschool-clientc\3rd\toridraw\toridraw_model_transform.c,701,0.041018,0.157824
R:\winlibs_staging_msvcrt32\gcc-15.2.0\build_mingw\i686-w64-mingw32\libgcc\..\..\..\libgcc\config\i386\cygwin.S,153,0.039053,0.150263
C:\Users\mrobe\Documents\git_repos\oldschool-clientc\toolchains\mingw32\lib\gcc\i686-w64-mingw32\15.2.0\include\xmmintrin.h,224,0.039052,0.150260
C:\Users\mrobe\Documents\git_repos\oldschool-clientc\3rd\bzip\bzip.c,537,0.039027,0.150163
C:\Users\mrobe\Documents\git_repos\oldschool-clientc\3rd\toridraw\toridraw_lighting.c,173,0.039022,0.150144
C:\Users\mrobe\Documents\git_repos\oldschool-clientc\3rd\rscache\src\reference_table.c,138,0.038124,0.146689
C:\Users\mrobe\Documents\git_repos\oldschool-clientc\3rd\bzip\bzip.c,351,0.037119,0.142822
C:\Users\mrobe\Documents\git_repos\oldschool-clientc\3rd\rscache\src\datatypes\cs2_script.c,65,0.034197,0.131579
C:\Users\mrobe\Documents\git_repos\oldschool-clientc\3rd\toridraw\toridraw_lighting.c,177,0.034191,0.131556
C:\Users\mrobe\Documents\git_repos\oldschool-clientc\src\<artificial>,10101,0.033136,0.127497
C:\Users\mrobe\Documents\git_repos\oldschool-clientc\3rd\bzip\bzip.c,345,0.031251,0.120244
C:\Users\mrobe\Documents\git_repos\oldschool-clientc\3rd\toridraw\graphics\raster\gouraudhsllightness\gouraudhsllightness.screen.opaque.bary.branching.s4.c,133,0.031251,0.120244
C:\Users\mrobe\Documents\git_repos\oldschool-clientc\src\cs2vm2\cs2vm2.c,11953,0.031202,0.120055
C:\Users\mrobe\Documents\git_repos\oldschool-clientc\3rd\hmap\hmap.h,420,0.030285,0.116527
C:\Users\mrobe\Documents\git_repos\oldschool-clientc\3rd\rscache\src\archive.c,92,0.030276,0.116492
C:\Users\mrobe\Documents\git_repos\oldschool-clientc\src\js5\js5.c,794,0.030271,0.116473
C:\Users\mrobe\Documents\git_repos\oldschool-clientc\3rd\rscache\src\checksum.c,111,0.030262,0.116438
C:\Users\mrobe\Documents\git_repos\oldschool-clientc\src\ui\uitree.c,1527,0.029323,0.112825
C:\Users\mrobe\Documents\git_repos\oldschool-clientc\3rd\rscache\src\checksum.c,110,0.028316,0.108951
C:\Users\mrobe\Documents\git_repos\oldschool-clientc\3rd\hmap\hmap.h,241,0.028305,0.108909
C:\Users\mrobe\Documents\git_repos\oldschool-clientc\3rd\bzip\bzip.c,346,0.027403,0.105438
C:\Users\mrobe\Documents\git_repos\oldschool-clientc\3rd\rscache\src\reference_table.c,294,0.027364,0.105288
C:\Users\mrobe\Documents\git_repos\oldschool-clientc\src\js5\js5.c,1308,0.027364,0.105288
C:\Users\mrobe\Documents\git_repos\oldschool-clientc\3rd\rscache\src\rsbuffer.c,761,0.027362,0.105280
C:\Users\mrobe\Documents\git_repos\oldschool-clientc\3rd\bzip\bzip.c,399,0.027352,0.105242
C:\Users\mrobe\Documents\git_repos\oldschool-clientc\3rd\bzip\bzip.c,431,0.027351,0.105238
C:\Users\mrobe\Documents\git_repos\oldschool-clientc\3rd\toridraw\toridraw_lighting.c,147,0.027351,0.105238
R:\winlibs_staging_msvcrt32\gcc-15.2.0\build_mingw\i686-w64-mingw32\libgcc\..\..\..\libgcc\libgcc2.c,1287,0.027347,0.105222
C:\Users\mrobe\Documents\git_repos\oldschool-clientc\src\<artificial>,6375,0.026368,0.101456
C:\Users\mrobe\Documents\git_repos\oldschool-clientc\src\ui\uitree_emit.c,2079,0.026367,0.101452
C:\Users\mrobe\Documents\git_repos\oldschool-clientc\3rd\toridraw\toridraw_2d.c,65,0.025391,0.097696
C:\Users\mrobe\Documents\git_repos\oldschool-clientc\src\engine\torirs_component_from_rscache.c,751,0.025388,0.097685
C:\Users\mrobe\Documents\git_repos\oldschool-clientc\src\js5\js5.c,1311,0.024502,0.094276
C:\Users\mrobe\Documents\git_repos\oldschool-clientc\src\js5\js5.c,1361,0.024420,0.093960
C:\Users\mrobe\Documents\git_repos\oldschool-clientc\3rd\rscache\src\reference_table.c,77,0.023491,0.090386
C:\Users\mrobe\Documents\git_repos\oldschool-clientc\3rd\bzip\bzip.c,267,0.023450,0.090228
C:\Users\mrobe\Documents\git_repos\oldschool-clientc\3rd\bzip\bzip.c,441,0.023449,0.090224
C:\Users\mrobe\Documents\git_repos\oldschool-clientc\src\js5\js5.c,1040,0.023449,0.090224
C:\Users\mrobe\Documents\git_repos\oldschool-clientc\src\engine\toridraw_animation_from_rscache.c,47,0.023448,0.090220
C:\Users\mrobe\Documents\git_repos\oldschool-clientc\3rd\toridraw\graphics\raster\gouraudhsllightness\gouraudhsllightness.screen.opaque.bary.branching.s4.c,139,0.023440,0.090190
C:\Users\mrobe\Documents\git_repos\oldschool-clientc\src\cs2vm2\cs2vm2.c,11899,0.023438,0.090182
C:\Users\mrobe\Documents\git_repos\oldschool-clientc\3rd\bzip\bzip.c,556,0.023432,0.090159
C:\Users\mrobe\Documents\git_repos\oldschool-clientc\3rd\bzip\bzip.c,550,0.023427,0.090140
C:\Users\mrobe\Documents\git_repos\oldschool-clientc\3rd\rscache\src\rsbuffer.c,763,0.022483,0.086507
C:\Users\mrobe\Documents\git_repos\oldschool-clientc\src\game\rs_cs2_host.c,155,0.022463,0.086430
C:\Users\mrobe\Documents\git_repos\oldschool-clientc\3rd\rscache\src\reference_table.c,87,0.021498,0.082717
C:\Users\mrobe\Documents\git_repos\oldschool-clientc\src\ui\uitree.c,1764,0.021495,0.082706
C:\Users\mrobe\Documents\git_repos\oldschool-clientc\3rd\toridraw\triangles\toridraw_triangle_clip.u.c,68,0.021487,0.082675
C:\Users\mrobe\Documents\git_repos\oldschool-clientc\src\platform\platform_x_io.c,710,0.021486,0.082671
C:\Users\mrobe\Documents\git_repos\oldschool-clientc\3rd\toridraw\triangles\toridraw_triangle_gouraud.u.c,1129,0.021482,0.082656
C:\Users\mrobe\Documents\git_repos\oldschool-clientc\3rd\miniz\miniz.c,2617,0.021481,0.082652
C:\Users\mrobe\Documents\git_repos\oldschool-clientc\3rd\bzip\bzip.c,410,0.021460,0.082571
R:\winlibs_staging_msvcrt32\gcc-15.2.0\build_mingw\i686-w64-mingw32\libgcc\..\..\..\libgcc\config\i386\cygwin.S,152,0.021449,0.082529
C:\Users\mrobe\Documents\git_repos\oldschool-clientc\src\engine\dat2\task_dat2_map_load.c,42,0.020556,0.079093
C:\Users\mrobe\Documents\git_repos\oldschool-clientc\src\game\rs_cs2_host.c,6541,0.020518,0.078947
C:\Users\mrobe\Documents\git_repos\oldschool-clientc\src\engine\dat2\task_dat2_texture_load.c,466,0.020517,0.078943
C:\Users\mrobe\Documents\git_repos\oldschool-clientc\3rd\rscache\src\archive.c,81,0.020516,0.078939
C:\Users\mrobe\Documents\git_repos\oldschool-clientc\3rd\toridraw\toridraw_render.u.c,1236,0.020516,0.078939
C:\Users\mrobe\Documents\git_repos\oldschool-clientc\src\cs2vm2\cs2vm2.c,4267,0.020510,0.078916
C:\Users\mrobe\Documents\git_repos\oldschool-clientc\src\world\world_cycle.c,1549,0.019589,0.075372
C:\Users\mrobe\Documents\git_repos\oldschool-clientc\3rd\toridraw\toridraw_render.u.c,414,0.019555,0.075241
C:\Users\mrobe\Documents\git_repos\oldschool-clientc\3rd\hmap\hmap.h,243,0.019540,0.075184
C:\Users\mrobe\Documents\git_repos\oldschool-clientc\src\engine\world_builder\world_sharelight.u.c,229,0.019539,0.075180
C:\Users\mrobe\Documents\git_repos\oldschool-clientc\src\game\rs_cs2_host.c,7460,0.019538,0.075176
C:\Users\mrobe\Documents\git_repos\oldschool-clientc\3rd\miniz\miniz.c,2610,0.019537,0.075172
C:\Users\mrobe\Documents\git_repos\oldschool-clientc\3rd\toridraw\toridraw_lighting.c,212,0.019536,0.075168
C:\Users\mrobe\Documents\git_repos\oldschool-clientc\3rd\toridraw\graphics\shade.h,33,0.019533,0.075157
C:\Users\mrobe\Documents\git_repos\oldschool-clientc\3rd\bzip\bzip.c,339,0.019527,0.075134
C:\Users\mrobe\Documents\git_repos\oldschool-clientc\3rd\bzip\bzip.c,523,0.019523,0.075118
C:\Users\mrobe\Documents\git_repos\oldschool-clientc\3rd\bzip\bzip.c,415,0.019168,0.073752
C:\Users\mrobe\Documents\git_repos\oldschool-clientc\src\engine\world_builder\sharelight_map.c,166,0.018560,0.071413
C:\Users\mrobe\Documents\git_repos\oldschool-clientc\3rd\rscache\src\datatypes\sound_render.c,93,0.017591,0.067685
C:\Users\mrobe\Documents\git_repos\oldschool-clientc\3rd\rscache\src\datatypes\model.c,1904,0.017589,0.067677
C:\Users\mrobe\Documents\git_repos\oldschool-clientc\toolchains\mingw32\lib\gcc\i686-w64-mingw32\15.2.0\include\emmintrin.h,596,0.017587,0.067669
C:\Users\mrobe\Documents\git_repos\oldschool-clientc\3rd\toridraw\triangles\toridraw_triangle_clip.u.c,35,0.017585,0.067661
C:\Users\mrobe\Documents\git_repos\oldschool-clientc\3rd\toridraw\toridraw_raster.u.c,539,0.017581,0.067646
C:\Users\mrobe\Documents\git_repos\oldschool-clientc\src\ui\uitree_layout.c,404,0.017577,0.067631
C:\Users\mrobe\Documents\git_repos\oldschool-clientc\3rd\miniz\miniz.c,2708,0.017572,0.067611
C:\Users\mrobe\Documents\git_repos\oldschool-clientc\3rd\bzip\bzip.c,542,0.017571,0.067608
C:\Users\mrobe\Documents\git_repos\oldschool-clientc\3rd\bzip\bzip.c,466,0.017559,0.067561
C:\Users\mrobe\Documents\git_repos\oldschool-clientc\3rd\toridraw\toridraw_lighting.c,85,0.017554,0.067542
C:\Users\mrobe\Documents\git_repos\oldschool-clientc\3rd\toridraw\toridraw_lighting.c,153,0.016604,0.063887
C:\Users\mrobe\Documents\git_repos\oldschool-clientc\src\engine\world_builder\world_builder.c,747,0.015630,0.060139
C:\Users\mrobe\Documents\git_repos\oldschool-clientc\3rd\rscache\src\reference_table.c,109,0.015622,0.060108
C:\Users\mrobe\Documents\git_repos\oldschool-clientc\3rd\toridraw\graphics\int_wrap.h,49,0.015619,0.060097
C:\Users\mrobe\Documents\git_repos\oldschool-clientc\src\engine\dat2\dat2_group_cache.c,245,0.015615,0.060081
C:\Users\mrobe\Documents\git_repos\oldschool-clientc\3rd\rscache\src\rsbuffer.c,166,0.014652,0.056376
C:\Users\mrobe\Documents\git_repos\oldschool-clientc\3rd\rscache\src\datatypes\dat2_config_npc.c,1282,0.014651,0.056372
C:\Users\mrobe\Documents\git_repos\oldschool-clientc\3rd\toridraw\toridraw_model_transform.c,646,0.014651,0.056372
C:\Users\mrobe\Documents\git_repos\oldschool-clientc\3rd\hmap\hmap.h,240,0.014638,0.056322
C:\Users\mrobe\Documents\git_repos\oldschool-clientc\src\js5\js5.c,941,0.014566,0.056045
C:\Users\mrobe\Documents\git_repos\oldschool-clientc\3rd\toridraw\graphics\raster\gouraudhsllightness\gouraudhsllightness.screen.opaque.bary.branching.s4.c,116,0.013696,0.052698
C:\Users\mrobe\Documents\git_repos\oldschool-clientc\3rd\rscache\src\reference_table.c,78,0.013688,0.052667
C:\Users\mrobe\Documents\git_repos\oldschool-clientc\src\cs2vm2\cs2vm2.c,4297,0.013674,0.052613
C:\Users\mrobe\Documents\git_repos\oldschool-clientc\3rd\toridraw\graphics\shared_tables.h,50,0.013671,0.052602
C:\Users\mrobe\Documents\git_repos\oldschool-clientc\3rd\bzip\bzip.c,557,0.013668,0.052590
C:\Users\mrobe\Documents\git_repos\oldschool-clientc\3rd\miniz\miniz.c,2827,0.013663,0.052571
C:\Users\mrobe\Documents\git_repos\oldschool-clientc\src\cs2vm2\cs2vm2.c,4444,0.013656,0.052544
C:\Users\mrobe\Documents\git_repos\oldschool-clientc\src\engine\dat2\dat2_group_cache.c,247,0.013652,0.052529
C:\Users\mrobe\Documents\git_repos\oldschool-clientc\3rd\miniz\miniz.c,2616,0.013650,0.052521
C:\Users\mrobe\Documents\git_repos\oldschool-clientc\3rd\toridraw\toridraw_lighting.c,250,0.012700,0.048866
C:\Users\mrobe\Documents\git_repos\oldschool-clientc\3rd\toridraw\toridraw_model_transform.c,644,0.012687,0.048815
C:\Users\mrobe\Documents\git_repos\oldschool-clientc\src\js5\js5.c,2170,0.012686,0.048812
C:\Users\mrobe\Documents\git_repos\oldschool-clientc\3rd\bzip\bzip.c,365,0.011735,0.045153
C:\Users\mrobe\Documents\git_repos\oldschool-clientc\3rd\bzip\bzip.c,364,0.011728,0.045126
C:\Users\mrobe\Documents\git_repos\oldschool-clientc\3rd\bzip\bzip.c,378,0.011724,0.045110
C:\Users\mrobe\Documents\git_repos\oldschool-clientc\src\game\rs_cs2_host.c,4627,0.011723,0.045106
C:\Users\mrobe\Documents\git_repos\oldschool-clientc\3rd\rscache\src\rsbuffer.c,236,0.011722,0.045102
C:\Users\mrobe\Documents\git_repos\oldschool-clientc\3rd\bzip\bzip.c,442,0.011715,0.045076
C:\Users\mrobe\Documents\git_repos\oldschool-clientc\3rd\hmap\hmap.h,412,0.011714,0.045072
C:\Users\mrobe\Documents\git_repos\oldschool-clientc\src\game\rs_cs2_host.c,4680,0.011713,0.045068
C:\Users\mrobe\Documents\git_repos\oldschool-clientc\3rd\miniz\miniz.c,2707,0.011709,0.045052
C:\Users\mrobe\Documents\git_repos\oldschool-clientc\3rd\rscache\src\datatypes\sound_render.c,114,0.011703,0.045029
C:\Users\mrobe\Documents\git_repos\oldschool-clientc\3rd\bzip\bzip.c,446,0.010739,0.041320
C:\Users\mrobe\Documents\git_repos\oldschool-clientc\src\engine\uitree_from_component.c,242,0.010738,0.041316
R:\winlibs_staging_msvcrt32\gcc-15.2.0\build_mingw\i686-w64-mingw32\libgcc\..\..\..\libgcc\libgcc2.c,1017,0.010737,0.041313
C:\Users\mrobe\Documents\git_repos\oldschool-clientc\src\js5\js5.c,1377,0.010732,0.041293
C:\Users\mrobe\Documents\git_repos\oldschool-clientc\3rd\hmap\hmap.h,238,0.010726,0.041270
C:\Users\mrobe\Documents\git_repos\oldschool-clientc\3rd\toridraw\toridraw_sprite.c,511,0.009811,0.037750
C:\Users\mrobe\Documents\git_repos\oldschool-clientc\3rd\rscache\src\reference_table.c,113,0.009787,0.037657
C:\Users\mrobe\Documents\git_repos\oldschool-clientc\src\ui\uitree_layout.c,184,0.009781,0.037634
C:\Users\mrobe\Documents\git_repos\oldschool-clientc\3rd\bzip\bzip.c,534,0.009772,0.037600
C:\Users\mrobe\Documents\git_repos\oldschool-clientc\3rd\toridraw\graphics\raster\gouraudhsllightness\gouraudhsllightness.screen.opaque.bary.branching.s4.c,228,0.009767,0.037580
C:\Users\mrobe\Documents\git_repos\oldschool-clientc\3rd\bzip\bzip.c,376,0.009765,0.037573
C:\Users\mrobe\Documents\git_repos\oldschool-clientc\3rd\bzip\bzip.c,355,0.009764,0.037569
C:\Users\mrobe\Documents\git_repos\oldschool-clientc\src\<artificial>,11481,0.009761,0.037557
C:\Users\mrobe\Documents\git_repos\oldschool-clientc\3rd\miniz\miniz.c,2763,0.009761,0.037557
C:\Users\mrobe\Documents\git_repos\oldschool-clientc\3rd\rscache\src\dat2disk.c,27,0.009759,0.037549
C:\Users\mrobe\Documents\git_repos\oldschool-clientc\3rd\miniz\miniz.c,2611,0.009757,0.037542
C:\Users\mrobe\Documents\git_repos\oldschool-clientc\3rd\toridraw\toridraw_render.u.c,1059,0.009752,0.037523
C:\Users\mrobe\Documents\git_repos\oldschool-clientc\toolchains\mingw32\lib\gcc\i686-w64-mingw32\15.2.0\include\emmintrin.h,608,0.009721,0.037403
C:\Users\mrobe\Documents\git_repos\oldschool-clientc\src\js5\js5.c,910,0.008799,0.033856
C:\Users\mrobe\Documents\git_repos\oldschool-clientc\src\ui\uitree_layout.c,28,0.008796,0.033844
C:\Users\mrobe\Documents\git_repos\oldschool-clientc\3rd\miniz\miniz.c,2577,0.008793,0.033833
C:\Users\mrobe\Documents\git_repos\oldschool-clientc\3rd\bzip\bzip.c,390,0.008782,0.033790
C:\Users\mrobe\Documents\git_repos\oldschool-clientc\3rd\hmap\hmap.h,409,0.008776,0.033767
C:\Users\mrobe\Documents\git_repos\oldschool-clientc\3rd\bzip\bzip.c,317,0.008771,0.033748
C:\Users\mrobe\Documents\git_repos\oldschool-clientc\src\cs2vm2\cs2vm2.c,11907,0.007853,0.030216
C:\Users\mrobe\Documents\git_repos\oldschool-clientc\3rd\toridraw\toridraw_2d.c,404,0.007844,0.030181
C:\Users\mrobe\Documents\git_repos\oldschool-clientc\3rd\miniz\miniz.c,2828,0.007830,0.030127
C:\Users\mrobe\Documents\git_repos\oldschool-clientc\src\cs2vm2\cs2vm2.c,770,0.007823,0.030100
C:\Users\mrobe\Documents\git_repos\oldschool-clientc\3rd\rscache\src\rsbuffer.c,764,0.007820,0.030089
C:\Users\mrobe\Documents\git_repos\oldschool-clientc\src\platform\platform_sdl2_renderer_soft3d.c,1457,0.007819,0.030085
C:\Users\mrobe\Documents\git_repos\oldschool-clientc\3rd\toridraw\graphics\raster\gouraudhsllightness\gouraudhsllightness.screen.opaque.bary.branching.s4.c,136,0.007818,0.030081
C:\Users\mrobe\Documents\git_repos\oldschool-clientc\src\engine\world_builder\world_sharelight.u.c,124,0.007817,0.030077
C:\Users\mrobe\Documents\git_repos\oldschool-clientc\3rd\toridraw\toridraw_lighting.c,192,0.007816,0.030073
C:\Users\mrobe\Documents\git_repos\oldschool-clientc\src\engine\uitree_from_component.c,229,0.007816,0.030073
C:\Users\mrobe\Documents\git_repos\oldschool-clientc\src\engine\uitree_from_component.c,245,0.007815,0.030070
C:\Users\mrobe\Documents\git_repos\oldschool-clientc\toolchains\mingw32\lib\gcc\i686-w64-mingw32\15.2.0\include\emmintrin.h,1181,0.007815,0.030070
C:\Users\mrobe\Documents\git_repos\oldschool-clientc\src\engine\world_builder\heightmap.c,196,0.007813,0.030062
C:\Users\mrobe\Documents\git_repos\oldschool-clientc\3rd\rscache\src\checksum.c,99,0.007813,0.030062
C:\Users\mrobe\Documents\git_repos\oldschool-clientc\src\platform\platform_sdl2_renderer_soft3d.c,1455,0.007812,0.030058
C:\Users\mrobe\Documents\git_repos\oldschool-clientc\src\world\entity_pool.h,88,0.007811,0.030054
C:\Users\mrobe\Documents\git_repos\oldschool-clientc\3rd\rscache\src\datatypes\sound_render.c,227,0.007811,0.030054
C:\Users\mrobe\Documents\git_repos\oldschool-clientc\3rd\toridraw\toridraw_lighting.c,133,0.007811,0.030054
C:\Users\mrobe\Documents\git_repos\oldschool-clientc\3rd\toridraw\toridraw_lighting.c,92,0.007809,0.030047
C:\Users\mrobe\Documents\git_repos\oldschool-clientc\3rd\rscache\src\datatypes\sound_render.c,444,0.007808,0.030043
C:\Users\mrobe\Documents\git_repos\oldschool-clientc\src\app.c,6056,0.007807,0.030039
C:\Users\mrobe\Documents\git_repos\oldschool-clientc\src\render\torirs_frame.c,1985,0.007807,0.030039
C:\Users\mrobe\Documents\git_repos\oldschool-clientc\3rd\toridraw\triangles\toridraw_triangle_gouraud.u.c,37,0.007806,0.030035
C:\Users\mrobe\Documents\git_repos\oldschool-clientc\src\engine\world_builder\heightmap.c,32,0.007806,0.030035
C:\Users\mrobe\Documents\git_repos\oldschool-clientc\3rd\hmap\hmap.h,399,0.007805,0.030031
C:\Users\mrobe\Documents\git_repos\oldschool-clientc\3rd\bzip\bzip.c,54,0.007800,0.030012
C:\Users\mrobe\Documents\git_repos\oldschool-clientc\src\js5\js5.c,1388,0.007799,0.030008
C:\Users\mrobe\Documents\git_repos\oldschool-clientc\3rd\toridraw\toridraw_render.u.c,1062,0.007789,0.029970
C:\Users\mrobe\Documents\git_repos\oldschool-clientc\src\ui\uitree_layout.c,499,0.006863,0.026407
C:\Users\mrobe\Documents\git_repos\oldschool-clientc\3rd\rscache\src\reference_table.c,150,0.006847,0.026345
C:\Users\mrobe\Documents\git_repos\oldschool-clientc\3rd\miniz\miniz.c,2826,0.006840,0.026318
C:\Users\mrobe\Documents\git_repos\oldschool-clientc\3rd\miniz\miniz.c,2726,0.006839,0.026314
C:\Users\mrobe\Documents\git_repos\oldschool-clientc\src\engine\world_builder\heightmap.c,58,0.006838,0.026310
R:\winlibs_staging_msvcrt32\gcc-15.2.0\build_mingw\i686-w64-mingw32\libgcc\..\..\..\libgcc\config\i386\cygwin.S,143,0.006836,0.026303
C:\Users\mrobe\Documents\git_repos\oldschool-clientc\src\platform\platform_x_io.c,920,0.006835,0.026299
C:\Users\mrobe\Documents\git_repos\oldschool-clientc\3rd\rscache\src\rsbuffer.c,330,0.006835,0.026299
C:\Users\mrobe\Documents\git_repos\oldschool-clientc\src\cs2vm2\cs2vm2.c,3842,0.006834,0.026295
C:\Users\mrobe\Documents\git_repos\oldschool-clientc\3rd\miniz\miniz.c,2767,0.006832,0.026287
C:\Users\mrobe\Documents\git_repos\oldschool-clientc\3rd\miniz\miniz.c,2731,0.006828,0.026272
C:\Users\mrobe\Documents\git_repos\oldschool-clientc\src\<artificial>,10126,0.006823,0.026253
C:\Users\mrobe\Documents\git_repos\oldschool-clientc\3rd\toridraw\graphics\shared_tables.c,46,0.005891,0.022667
C:\Users\mrobe\Documents\git_repos\oldschool-clientc\3rd\toridraw\toridraw_2d.c,405,0.005885,0.022644
C:\Users\mrobe\Documents\git_repos\oldschool-clientc\src\ui\uitree_emit.c,2038,0.005884,0.022640
C:\Users\mrobe\Documents\git_repos\oldschool-clientc\src\ui\uitree_layout.c,465,0.005881,0.022628
C:\Users\mrobe\Documents\git_repos\oldschool-clientc\3rd\rscache\src\dat2disk.c,1353,0.005865,0.022567
C:\Users\mrobe\Documents\git_repos\oldschool-clientc\3rd\toridraw\graphics\raster\gouraudhsllightness\gouraudhsllightness.screen.opaque.bary.branching.s4.c,355,0.005863,0.022559
C:\Users\mrobe\Documents\git_repos\oldschool-clientc\3rd\toridraw\toridraw_render.u.c,1653,0.005863,0.022559
C:\Users\mrobe\Documents\git_repos\oldschool-clientc\3rd\miniz\miniz.c,2785,0.005862,0.022555
C:\Users\mrobe\Documents\git_repos\oldschool-clientc\src\engine\uitree_from_component.c,244,0.005862,0.022555
R:\winlibs_staging_msvcrt32\gcc-15.2.0\build_mingw\i686-w64-mingw32\libgcc\..\..\..\libgcc\libgcc2.c,1016,0.005862,0.022555
C:\Users\mrobe\Documents\git_repos\oldschool-clientc\3rd\rscache\src\datatypes\sound_render.c,290,0.005861,0.022551
C:\Users\mrobe\Documents\git_repos\oldschool-clientc\toolchains\mingw32\lib\gcc\i686-w64-mingw32\15.2.0\include\emmintrin.h,743,0.005861,0.022551
C:\Users\mrobe\Documents\git_repos\oldschool-clientc\src\ui\uitree.c,944,0.005860,0.022547
C:\Users\mrobe\Documents\git_repos\oldschool-clientc\src\engine\world_builder\world_scenery.u.c,130,0.005860,0.022547
C:\Users\mrobe\Documents\git_repos\oldschool-clientc\src\cs2vm2\cs2vm2.c,11914,0.005859,0.022544
C:\Users\mrobe\Documents\git_repos\oldschool-clientc\src\ui\uitree_build.c,25,0.005859,0.022544
C:\Users\mrobe\Documents\git_repos\oldschool-clientc\src\engine\world_builder\world_decode_tile.c,471,0.005859,0.022544
C:\Users\mrobe\Documents\git_repos\oldschool-clientc\3rd\toridraw\toridraw_render.u.c,1523,0.005858,0.022540
C:\Users\mrobe\Documents\git_repos\oldschool-clientc\3rd\toridraw\toridraw_model.c,191,0.005858,0.022540
C:\Users\mrobe\Documents\git_repos\oldschool-clientc\3rd\toridraw\toridraw_scene.c,181,0.005858,0.022540
C:\Users\mrobe\Documents\git_repos\oldschool-clientc\src\engine\uitree_from_component.c,249,0.005858,0.022540
C:\Users\mrobe\Documents\git_repos\oldschool-clientc\3rd\bzip\bzip.c,438,0.005857,0.022536
C:\Users\mrobe\Documents\git_repos\oldschool-clientc\3rd\rscache\src\datatypes\sound_render.c,95,0.005857,0.022536
C:\Users\mrobe\Documents\git_repos\oldschool-clientc\3rd\rscache\src\dat2disk.c,1400,0.005856,0.022532
C:\Users\mrobe\Documents\git_repos\oldschool-clientc\3rd\toridraw\graphics\raster\texture\span\tex.span_uv.h,76,0.005855,0.022528
C:\Users\mrobe\Documents\git_repos\oldschool-clientc\src\ui\uitree.c,1635,0.005855,0.022528
C:\Users\mrobe\Documents\git_repos\oldschool-clientc\src\platform\platform_win32_timing.c,115,0.005854,0.022524
C:\Users\mrobe\Documents\git_repos\oldschool-clientc\toolchains\mingw32\lib\gcc\i686-w64-mingw32\15.2.0\include\emmintrin.h,1487,0.005854,0.022524
C:\Users\mrobe\Documents\git_repos\oldschool-clientc\3rd\rscache\src\reference_table.c,108,0.005853,0.022520
C:\Users\mrobe\Documents\git_repos\oldschool-clientc\3rd\toridraw\toridraw_render.u.c,1108,0.005853,0.022520
C:\Users\mrobe\Documents\git_repos\oldschool-clientc\3rd\bzip\bzip.c,426,0.005848,0.022501
C:\Users\mrobe\Documents\git_repos\oldschool-clientc\src\cs2vm2\cs2vm2.c,168,0.005848,0.022501
C:\Users\mrobe\Documents\git_repos\oldschool-clientc\3rd\miniz\miniz.c,2677,0.005847,0.022497
C:\Users\mrobe\Documents\git_repos\oldschool-clientc\3rd\toridraw\triangles\toridraw_triangle_gouraud.u.c,824,0.005846,0.022494
C:\Users\mrobe\Documents\git_repos\oldschool-clientc\3rd\toridraw\toridraw_render.u.c,1063,0.005845,0.022490
C:\Users\mrobe\Documents\git_repos\oldschool-clientc\3rd\toridraw\toridraw_render.u.c,1072,0.005845,0.022490
C:\Users\mrobe\Documents\git_repos\oldschool-clientc\3rd\toridraw\graphics\projection.h,33,0.005837,0.022459
C:\Users\mrobe\Documents\git_repos\oldschool-clientc\3rd\rscache\src\datatypes\dat2_config_npc.c,1845,0.005816,0.022378
C:\Users\mrobe\Documents\git_repos\oldschool-clientc\src\js5\js5.c,472,0.005046,0.019415
C:\Users\mrobe\Documents\git_repos\oldschool-clientc\src\engine\dat2\task_dat2_texture_load.c,443,0.004890,0.018815
C:\Users\mrobe\Documents\git_repos\oldschool-clientc\3rd\hmap\hmap.h,246,0.004888,0.018807
C:\Users\mrobe\Documents\git_repos\oldschool-clientc\3rd\toridraw\toridraw_scene.c,1913,0.004888,0.018807
C:\Users\mrobe\Documents\git_repos\oldschool-clientc\3rd\hmap\hmap.h,453,0.004886,0.018800
C:\Users\mrobe\Documents\git_repos\oldschool-clientc\3rd\toridraw\toridraw_model.c,339,0.004883,0.018788
C:\Users\mrobe\Documents\git_repos\oldschool-clientc\3rd\toridraw\toridraw_scene.c,303,0.004883,0.018788
R:\winlibs_staging_msvcrt32\gcc-15.2.0\build_mingw\i686-w64-mingw32\libgcc\..\..\..\libgcc\config\i386\cygwin.S,145,0.004883,0.018788
C:\Users\mrobe\Documents\git_repos\oldschool-clientc\3rd\miniz\miniz.c,2703,0.004882,0.018784
C:\Users\mrobe\Documents\git_repos\oldschool-clientc\3rd\rscache\src\datatypes\dat2_entity_ops.c,35,0.004882,0.018784
C:\Users\mrobe\Documents\git_repos\oldschool-clientc\3rd\hmap\hmap.h,425,0.004881,0.018781
C:\Users\mrobe\Documents\git_repos\oldschool-clientc\3rd\rscache\src\datatypes\noise.c,53,0.004879,0.018773
C:\Users\mrobe\Documents\git_repos\oldschool-clientc\3rd\miniz\miniz.c,2824,0.004879,0.018773
C:\Users\mrobe\Documents\git_repos\oldschool-clientc\src\js5\js5.c,795,0.004878,0.018769
C:\Users\mrobe\Documents\git_repos\oldschool-clientc\3rd\miniz\miniz.c,2648,0.004878,0.018769
C:\Users\mrobe\Documents\git_repos\oldschool-clientc\src\ui\uitree.c,2442,0.004878,0.018769
C:\Users\mrobe\Documents\git_repos\oldschool-clientc\src\<artificial>,10123,0.004877,0.018765
C:\Users\mrobe\Documents\git_repos\oldschool-clientc\src\js5\js5.c,1050,0.004877,0.018765
C:\Users\mrobe\Documents\git_repos\oldschool-clientc\src\game\rs_cs2_host.c,731,0.004877,0.018765
C:\Users\mrobe\Documents\git_repos\oldschool-clientc\3rd\rscache\src\rsbuffer.c,169,0.004877,0.018765
C:\Users\mrobe\Documents\git_repos\oldschool-clientc\src\engine\world_builder\world_scenery.u.c,647,0.004876,0.018761
C:\Users\mrobe\Documents\git_repos\oldschool-clientc\3rd\bzip\bzip.c,352,0.004875,0.018757
C:\Users\mrobe\Documents\git_repos\oldschool-clientc\src\cs2vm2\cs2vm2.c,11980,0.004875,0.018757
C:\Users\mrobe\Documents\git_repos\oldschool-clientc\3rd\toridraw\toridraw_model_transform.c,706,0.004875,0.018757
R:\winlibs_staging_msvcrt32\gcc-15.2.0\build_mingw\i686-w64-mingw32\libgcc\..\..\..\libgcc\config\i386\cygwin.S,160,0.004873,0.018750
C:\Users\mrobe\Documents\git_repos\oldschool-clientc\src\cs2vm2\cs2vm2.c,11948,0.004869,0.018734
C:\Users\mrobe\Documents\git_repos\oldschool-clientc\src\cs2vm2\cs2vm2.c,4279,0.004848,0.018654
C:\Users\mrobe\Documents\git_repos\oldschool-clientc\src\engine\uitree_from_component.c,228,0.004584,0.017638
C:\Users\mrobe\Documents\git_repos\oldschool-clientc\src\engine\uitree_from_component.c,227,0.004201,0.016164
C:\Users\mrobe\Documents\git_repos\oldschool-clientc\3rd\toridraw\graphics\raster\flat\flat_screen_edges.h,29,0.003926,0.015106
C:\Users\mrobe\Documents\git_repos\oldschool-clientc\3rd\rscache\src\rsbuffer.c,413,0.003925,0.015102
C:\Users\mrobe\Documents\git_repos\oldschool-clientc\src\render\torirs_frame.c,2077,0.003922,0.015091
C:\Users\mrobe\Documents\git_repos\oldschool-clientc\src\engine\world_builder\world_sharelight.u.c,347,0.003922,0.015091
C:\Users\mrobe\Documents\git_repos\oldschool-clientc\3rd\toridraw\toridraw_2d.c,643,0.003921,0.015087
C:\Users\mrobe\Documents\git_repos\oldschool-clientc\3rd\rscache\src\reference_table.c,60,0.003919,0.015079
C:\Users\mrobe\Documents\git_repos\oldschool-clientc\src\render\torirs_frame.c,129,0.003919,0.015079
C:\Users\mrobe\Documents\git_repos\oldschool-clientc\src\engine\world_builder\world_builder.c,836,0.003919,0.015079
C:\Users\mrobe\Documents\git_repos\oldschool-clientc\3rd\toridraw\toridraw_2d.c,79,0.003918,0.015075
C:\Users\mrobe\Documents\git_repos\oldschool-clientc\src\render\torirs_frame.c,1977,0.003915,0.015064
C:\Users\mrobe\Documents\git_repos\oldschool-clientc\src\ui\uitree.c,1358,0.003914,0.015060
C:\Users\mrobe\Documents\git_repos\oldschool-clientc\3rd\hmap\hmap.h,329,0.003913,0.015056
C:\Users\mrobe\Documents\git_repos\oldschool-clientc\3rd\toridraw\toridraw_lighting.c,152,0.003913,0.015056
C:\Users\mrobe\Documents\git_repos\oldschool-clientc\3rd\toridraw\graphics\raster\gouraudhsllightness\gouraudhsllightness.screen.opaque.bary.branching.s4.c,77,0.003912,0.015052
C:\Users\mrobe\Documents\git_repos\oldschool-clientc\3rd\rscache\src\rsbuffer.c,234,0.003912,0.015052
C:\Users\mrobe\Documents\git_repos\oldschool-clientc\3rd\toridraw\graphics\raster\gouraudhsllightness\gouraudhsllightness.screen.opaque.bary.branching.s4.c,120,0.003912,0.015052
C:\Users\mrobe\Documents\git_repos\oldschool-clientc\src\ui\uitree_layout.c,167,0.003912,0.015052
C:\Users\mrobe\Documents\git_repos\oldschool-clientc\3rd\toridraw\toridraw_scene.c,1304,0.003911,0.015048
C:\Users\mrobe\Documents\git_repos\oldschool-clientc\3rd\toridraw\graphics\raster\gouraudhsllightness\gouraudhsllightness.screen.opaque.bary.branching.s4.c,503,0.003911,0.015048
C:\Users\mrobe\Documents\git_repos\oldschool-clientc\3rd\toridraw\graphics\raster\gouraudhsllightness\gouraudhsllightness.screen.opaque.bary.branching.s4.c,322,0.003911,0.015048
C:\Users\mrobe\Documents\git_repos\oldschool-clientc\3rd\bzip\bzip.c,268,0.003909,0.015041
C:\Users\mrobe\Documents\git_repos\oldschool-clientc\3rd\hmap\hmap.h,408,0.003909,0.015041
C:\Users\mrobe\Documents\git_repos\oldschool-clientc\3rd\toridraw\graphics\raster\gouraudhsllightness\gouraudhsllightness.screen.opaque.bary.branching.s4.c,380,0.003909,0.015041
C:\Users\mrobe\Documents\git_repos\oldschool-clientc\src\engine\uitree_from_component.c,225,0.003909,0.015041
C:\Users\mrobe\Documents\git_repos\oldschool-clientc\src\cs2vm2\cs2vm2.c,11897,0.003908,0.015037
C:\Users\mrobe\Documents\git_repos\oldschool-clientc\3rd\bzip\bzip.c,521,0.003908,0.015037
C:\Users\mrobe\Documents\git_repos\oldschool-clientc\3rd\toridraw\graphics\raster\gouraudhsllightness\gouraudhsllightness.screen.opaque.bary.branching.s4.c,442,0.003907,0.015033
C:\Users\mrobe\Documents\git_repos\oldschool-clientc\3rd\toridraw\toridraw_lighting.c,322,0.003907,0.015033
C:\Users\mrobe\Documents\git_repos\oldschool-clientc\3rd\bzip\bzip.c,266,0.003906,0.015029
C:\Users\mrobe\Documents\git_repos\oldschool-clientc\3rd\bzip\bzip.c,347,0.003906,0.015029
C:\Users\mrobe\Documents\git_repos\oldschool-clientc\3rd\bzip\bzip.c,391,0.003905,0.015025
C:\Users\mrobe\Documents\git_repos\oldschool-clientc\3rd\bzip\bzip.c,547,0.003905,0.015025
C:\Users\mrobe\Documents\git_repos\oldschool-clientc\3rd\toridraw\toridraw_scene.c,269,0.003905,0.015025
C:\Users\mrobe\Documents\git_repos\oldschool-clientc\3rd\toridraw\toridraw_model_transform.c,839,0.003904,0.015021
C:\Users\mrobe\Documents\git_repos\oldschool-clientc\src\painters\painters_bucket.u.c,356,0.003904,0.015021
C:\Users\mrobe\Documents\git_repos\oldschool-clientc\3rd\bzip\bzip.c,379,0.003901,0.015010
C:\Users\mrobe\Documents\git_repos\oldschool-clientc\src\game\rs_cs2_host.c,7508,0.003901,0.015010
C:\Users\mrobe\Documents\git_repos\oldschool-clientc\3rd\toridraw\graphics\raster\texture\span\tex.span_uv.h,81,0.003901,0.015010
R:\winlibs_staging_msvcrt32\gcc-15.2.0\build_mingw\i686-w64-mingw32\libgcc\..\..\..\libgcc\config\i386\cygwin.S,157,0.003899,0.015002
C:\Users\mrobe\Documents\git_repos\oldschool-clientc\3rd\rscache\src\datatypes\sound_render.c,429,0.003899,0.015002
C:\Users\mrobe\Documents\git_repos\oldschool-clientc\src\cs2vm2\cs2vm2.c,799,0.003898,0.014998
C:\Users\mrobe\Documents\git_repos\oldschool-clientc\3rd\toridraw\toridraw_render.u.c,1061,0.003896,0.014991
C:\Users\mrobe\Documents\git_repos\oldschool-clientc\3rd\toridraw\graphics\raster\gouraudhsllightness\gouraudhsllightness.screen.opaque.bary.branching.s4.c,477,0.003895,0.014987
C:\Users\mrobe\Documents\git_repos\oldschool-clientc\3rd\toridraw\toridraw_raster.u.c,414,0.003884,0.014944
C:\Users\mrobe\Documents\git_repos\oldschool-clientc\3rd\toridraw\graphics\raster\texture\span\tex.span_uv.h,79,0.003872,0.014898
C:\Users\mrobe\Documents\git_repos\oldschool-clientc\3rd\rscache\src\datatypes\dat2_config_db.c,120,0.002958,0.011381
C:\Users\mrobe\Documents\git_repos\oldschool-clientc\src\game\rs_worldmap_render.c,145,0.002941,0.011316
C:\Users\mrobe\Documents\git_repos\oldschool-clientc\3rd\rscache\src\reference_table.c,137,0.002940,0.011312
C:\Users\mrobe\Documents\git_repos\oldschool-clientc\src\ui\uitree_layout.c,29,0.002939,0.011308
R:\winlibs_staging_msvcrt32\gcc-15.2.0\build_mingw\i686-w64-mingw32\libgcc\..\..\..\libgcc\libgcc2.c,1028,0.002938,0.011304
C:\Users\mrobe\Documents\git_repos\oldschool-clientc\src\painters\painters.c,44,0.002937,0.011301
C:\Users\mrobe\Documents\git_repos\oldschool-clientc\3rd\toridraw\toridraw_lighting.c,131,0.002936,0.011297
C:\Users\mrobe\Documents\git_repos\oldschool-clientc\src\engine\torirs_model_from_rscache.c,140,0.002936,0.011297
C:\Users\mrobe\Documents\git_repos\oldschool-clientc\3rd\rscache\src\datatypes\dat2_sprites.c,387,0.002935,0.011293
C:\Users\mrobe\Documents\git_repos\oldschool-clientc\3rd\hmap\hmap.h,256,0.002934,0.011289
C:\Users\mrobe\Documents\git_repos\oldschool-clientc\src\js5\js5.c,792,0.002934,0.011289
C:\Users\mrobe\Documents\git_repos\oldschool-clientc\3rd\bzip\bzip.c,722,0.002934,0.011289
C:\Users\mrobe\Documents\git_repos\oldschool-clientc\3rd\rscache\src\dat2disk.c,270,0.002934,0.011289
C:\Users\mrobe\Documents\git_repos\oldschool-clientc\src\engine\cache_provider.c,486,0.002934,0.011289
C:\Users\mrobe\Documents\git_repos\oldschool-clientc\src\ui\uitree_layout.c,508,0.002933,0.011285
R:\winlibs_staging_msvcrt32\gcc-15.2.0\build_mingw\i686-w64-mingw32\libgcc\..\..\..\libgcc\libgcc2.c,1025,0.002933,0.011285
C:\Users\mrobe\Documents\git_repos\oldschool-clientc\src\<artificial>,958,0.002932,0.011281
C:\Users\mrobe\Documents\git_repos\oldschool-clientc\3rd\rscache\src\dat2disk.c,555,0.002932,0.011281
C:\Users\mrobe\Documents\git_repos\oldschool-clientc\src\ui\uitree_emit.c,229,0.002932,0.011281
C:\Users\mrobe\Documents\git_repos\oldschool-clientc\src\ui\uitree_layout.c,84,0.002932,0.011281
C:\Users\mrobe\Documents\git_repos\oldschool-clientc\src\cs2vm2\cs2vm2.c,10464,0.002931,0.011278
C:\Users\mrobe\Documents\git_repos\oldschool-clientc\3rd\hmap\hmap.h,234,0.002931,0.011278
C:\Users\mrobe\Documents\git_repos\oldschool-clientc\3rd\hmap\hmap.h,217,0.002931,0.011278
C:\Users\mrobe\Documents\git_repos\oldschool-clientc\src\js5\js5_rscache.c,20,0.002931,0.011278
C:\Users\mrobe\Documents\git_repos\oldschool-clientc\src\painters\painters_bucket.u.c,744,0.002931,0.011278
C:\Users\mrobe\Documents\git_repos\oldschool-clientc\src\platform\platform_x_io.c,560,0.002931,0.011278
C:\Users\mrobe\Documents\git_repos\oldschool-clientc\src\js5\js5.c,1380,0.002931,0.011278
C:\Users\mrobe\Documents\git_repos\oldschool-clientc\src\game\rs_cs2_host.c,2001,0.002931,0.011278
C:\Users\mrobe\Documents\git_repos\oldschool-clientc\3rd\rscache\src\datatypes\noise.c,66,0.002931,0.011278
C:\Users\mrobe\Documents\git_repos\oldschool-clientc\3rd\rscache\src\dat2disk.c,147,0.002931,0.011278
C:\Users\mrobe\Documents\git_repos\oldschool-clientc\src\engine\dat2\task_dat2_healthbar_load.c,141,0.002931,0.011278
C:\Users\mrobe\Documents\git_repos\oldschool-clientc\src\engine\dat2\task_dat2_texture_load.c,463,0.002931,0.011278
C:\Users\mrobe\Documents\git_repos\oldschool-clientc\3rd\rscache\src\datatypes\dat2_sprites.c,381,0.002931,0.011278
C:\Users\mrobe\Documents\git_repos\oldschool-clientc\src\ui\uitree.c,4371,0.002931,0.011278
C:\Users\mrobe\Documents\git_repos\oldschool-clientc\src\engine\uitree_from_component.c,130,0.002931,0.011278
C:\Users\mrobe\Documents\git_repos\oldschool-clientc\src\ui\uitree.c,4423,0.002931,0.011278
C:\Users\mrobe\Documents\git_repos\oldschool-clientc\src\engine\world_builder\world_decode_tile.c,320,0.002931,0.011278
C:\Users\mrobe\Documents\git_repos\oldschool-clientc\3rd\hmap\hmap.h,494,0.002930,0.011274
C:\Users\mrobe\Documents\git_repos\oldschool-clientc\3rd\rscache\src\archive.c,40,0.002930,0.011274
C:\Users\mrobe\Documents\git_repos\oldschool-clientc\3rd\miniz\miniz.c,2690,0.002930,0.011274
C:\Users\mrobe\Documents\git_repos\oldschool-clientc\3rd\miniz\miniz.c,2613,0.002930,0.011274
C:\Users\mrobe\Documents\git_repos\oldschool-clientc\src\painters\painters_i.h,153,0.002930,0.011274
C:\Users\mrobe\Documents\git_repos\oldschool-clientc\src\js5\js5.c,1375,0.002930,0.011274
C:\Users\mrobe\Documents\git_repos\oldschool-clientc\src\game\rs_cs2_host.c,8555,0.002930,0.011274
C:\Users\mrobe\Documents\git_repos\oldschool-clientc\src\game\rs_cs2_host.c,8391,0.002930,0.011274
C:\Users\mrobe\Documents\git_repos\oldschool-clientc\3rd\rscache\src\dat2disk.c,168,0.002930,0.011274
C:\Users\mrobe\Documents\git_repos\oldschool-clientc\3rd\rscache\src\dat2disk.c,286,0.002930,0.011274
C:\Users\mrobe\Documents\git_repos\oldschool-clientc\3rd\rscache\src\dat2disk.c,277,0.002930,0.011274
C:\Users\mrobe\Documents\git_repos\oldschool-clientc\3rd\rscache\src\dat2disk.c,772,0.002930,0.011274
C:\Users\mrobe\Documents\git_repos\oldschool-clientc\3rd\rscache\src\checksum.c,118,0.002930,0.011274
C:\Users\mrobe\Documents\git_repos\oldschool-clientc\3rd\rscache\src\rsbuffer.c,216,0.002930,0.011274
C:\Users\mrobe\Documents\git_repos\oldschool-clientc\3rd\rscache\src\rsbuffer.c,765,0.002930,0.011274
C:\Users\mrobe\Documents\git_repos\oldschool-clientc\3rd\rscache\src\datatypes\model.c,1847,0.002930,0.011274
C:\Users\mrobe\Documents\git_repos\oldschool-clientc\3rd\rscache\src\datatypes\dat2_config_db.c,50,0.002930,0.011274
C:\Users\mrobe\Documents\git_repos\oldschool-clientc\src\engine\dat2\task_dat2_clientscript_table_load.c,140,0.002930,0.011274
C:\Users\mrobe\Documents\git_repos\oldschool-clientc\3rd\toridraw\toridraw_lighting.c,135,0.002930,0.011274
C:\Users\mrobe\Documents\git_repos\oldschool-clientc\3rd\toridraw\toridraw_lighting.c,321,0.002930,0.011274
C:\Users\mrobe\Documents\git_repos\oldschool-clientc\src\engine\torirs_font_from_rscache.c,128,0.002930,0.011274
C:\Users\mrobe\Documents\git_repos\oldschool-clientc\src\engine\torirs_model_from_rscache.c,121,0.002930,0.011274
C:\Users\mrobe\Documents\git_repos\oldschool-clientc\src\engine\torirs_model_from_rscache.c,330,0.002930,0.011274
C:\Users\mrobe\Documents\git_repos\oldschool-clientc\src\engine\world_builder\world_decode_tile.c,566,0.002930,0.011274
C:\Users\mrobe\Documents\git_repos\oldschool-clientc\src\engine\world_builder\world_decode_tile.c,535,0.002930,0.011274
C:\Users\mrobe\Documents\git_repos\oldschool-clientc\src\engine\world_builder\world_scenery.u.c,729,0.002930,0.011274
C:\Users\mrobe\Documents\git_repos\oldschool-clientc\src\asyncio.h,172,0.002929,0.011270
C:\Users\mrobe\Documents\git_repos\oldschool-clientc\3rd\bzip\bzip.c,47,0.002929,0.011270
C:\Users\mrobe\Documents\git_repos\oldschool-clientc\src\cs2vm2\cs2vm2.c,1281,0.002929,0.011270
C:\Users\mrobe\Documents\git_repos\oldschool-clientc\src\js5\js5.c,803,0.002929,0.011270
C:\Users\mrobe\Documents\git_repos\oldschool-clientc\3rd\rscache\src\dat2disk.c,1289,0.002929,0.011270
C:\Users\mrobe\Documents\git_repos\oldschool-clientc\src\js5\js5.c,1017,0.002929,0.011270
C:\Users\mrobe\Documents\git_repos\oldschool-clientc\3rd\miniz\miniz.c,2654,0.002929,0.011270
C:\Users\mrobe\Documents\git_repos\oldschool-clientc\3rd\miniz\miniz.c,2590,0.002929,0.011270
C:\Users\mrobe\Documents\git_repos\oldschool-clientc\3rd\miniz\miniz.c,2608,0.002929,0.011270
C:\Users\mrobe\Documents\git_repos\oldschool-clientc\3rd\rscache\src\dat2disk.c,170,0.002929,0.011270
C:\Users\mrobe\Documents\git_repos\oldschool-clientc\3rd\rscache\src\datatypes\model.c,1374,0.002929,0.011270
C:\Users\mrobe\Documents\git_repos\oldschool-clientc\3rd\rscache\src\datatypes\model.c,1803,0.002929,0.011270
C:\Users\mrobe\Documents\git_repos\oldschool-clientc\3rd\rscache\src\datatypes\sound_render.c,437,0.002929,0.011270
C:\Users\mrobe\Documents\git_repos\oldschool-clientc\src\<artificial>,102,0.002929,0.011270
C:\Users\mrobe\Documents\git_repos\oldschool-clientc\src\engine\toridraw_model_from_torirs.c,241,0.002929,0.011270
C:\Users\mrobe\Documents\git_repos\oldschool-clientc\3rd\toridraw\toridraw_lighting.c,302,0.002929,0.011270
C:\Users\mrobe\Documents\git_repos\oldschool-clientc\3rd\toridraw\toridraw_model_transform.c,851,0.002929,0.011270
C:\Users\mrobe\Documents\git_repos\oldschool-clientc\src\engine\uitree_from_component.c,251,0.002929,0.011270
C:\Users\mrobe\Documents\git_repos\oldschool-clientc\src\engine\world_builder\world_decode_tile.c,188,0.002929,0.011270
C:\Users\mrobe\Documents\git_repos\oldschool-clientc\src\engine\world_builder\world_decode_tile.c,99,0.002929,0.011270
R:\winlibs_staging_msvcrt32\gcc-15.2.0\build_mingw\i686-w64-mingw32\libgcc\..\..\..\libgcc\libgcc2.c,1288,0.002929,0.011270
C:\Users\mrobe\Documents\git_repos\oldschool-clientc\src\cs2vm2\cs2vm2_strpool.c,115,0.002928,0.011266
C:\Users\mrobe\Documents\git_repos\oldschool-clientc\3rd\rscache\src\dat2disk.c,240,0.002928,0.011266
C:\Users\mrobe\Documents\git_repos\oldschool-clientc\3rd\rscache\src\datatypes\dat2_config_db.c,37,0.002928,0.011266
C:\Users\mrobe\Documents\git_repos\oldschool-clientc\src\engine\world_builder\world_sharelight.u.c,239,0.002928,0.011266
C:\Users\mrobe\Documents\git_repos\oldschool-clientc\src\app.c,4023,0.002927,0.011262
C:\Users\mrobe\Documents\git_repos\oldschool-clientc\src\js5\js5.c,1374,0.002927,0.011262
C:\Users\mrobe\Documents\git_repos\oldschool-clientc\src\game\rs_cs2_host.c,5153,0.002927,0.011262
C:\Users\mrobe\Documents\git_repos\oldschool-clientc\3rd\rscache\src\dat2disk.c,780,0.002927,0.011262
C:\Users\mrobe\Documents\git_repos\oldschool-clientc\3rd\rscache\src\rsbuffer.c,131,0.002927,0.011262
C:\Users\mrobe\Documents\git_repos\oldschool-clientc\src\asyncio.h,157,0.002927,0.011262
C:\Users\mrobe\Documents\git_repos\oldschool-clientc\3rd\toridraw\toridraw_lighting.c,168,0.002927,0.011262
C:\Users\mrobe\Documents\git_repos\oldschool-clientc\src\cs2vm2\cs2vm2.c,134,0.002926,0.011258
C:\Users\mrobe\Documents\git_repos\oldschool-clientc\src\js5\js5.c,1915,0.002926,0.011258
C:\Users\mrobe\Documents\git_repos\oldschool-clientc\3rd\miniz\miniz.c,2774,0.002926,0.011258
C:\Users\mrobe\Documents\git_repos\oldschool-clientc\3rd\miniz\miniz.c,2682,0.002926,0.011258
C:\Users\mrobe\Documents\git_repos\oldschool-clientc\src\net\rev\osrs239\osrs239_entity_info.c,511,0.002926,0.011258
C:\Users\mrobe\Documents\git_repos\oldschool-clientc\src\js5\js5.c,1828,0.002926,0.011258
C:\Users\mrobe\Documents\git_repos\oldschool-clientc\3rd\rscache\src\datatypes\dat2_frame.c,181,0.002926,0.011258
C:\Users\mrobe\Documents\git_repos\oldschool-clientc\src\ui\uitree.c,1458,0.002926,0.011258
C:\Users\mrobe\Documents\git_repos\oldschool-clientc\src\ui\uitree.c,798,0.002926,0.011258
C:\Users\mrobe\Documents\git_repos\oldschool-clientc\src\engine\world_builder\sharelight_map.c,16,0.002926,0.011258
C:\Users\mrobe\Documents\git_repos\oldschool-clientc\src\engine\world_builder\world_sharelight.u.c,249,0.002926,0.011258
C:\Users\mrobe\Documents\git_repos\oldschool-clientc\src\engine\world_builder\world_sharelight.u.c,294,0.002926,0.011258
C:\Users\mrobe\Documents\git_repos\oldschool-clientc\src\engine\world_builder\world_sharelight.u.c,562,0.002926,0.011258
C:\Users\mrobe\Documents\git_repos\oldschool-clientc\src\engine\toridraw_model_from_torirs.c,91,0.002925,0.011254
C:\Users\mrobe\Documents\git_repos\oldschool-clientc\src\<artificial>,11089,0.002925,0.011254
C:\Users\mrobe\Documents\git_repos\oldschool-clientc\src\cs2vm2\cs2vm2.c,7009,0.002925,0.011254
C:\Users\mrobe\Documents\git_repos\oldschool-clientc\3rd\miniz\miniz.c,2430,0.002925,0.011254
C:\Users\mrobe\Documents\git_repos\oldschool-clientc\src\platform\platform_x_io.c,626,0.002925,0.011254
C:\Users\mrobe\Documents\git_repos\oldschool-clientc\src\game\rs_cs2_host.c,6737,0.002925,0.011254
C:\Users\mrobe\Documents\git_repos\oldschool-clientc\3rd\rscache\src\datatypes\model.c,1892,0.002925,0.011254
C:\Users\mrobe\Documents\git_repos\oldschool-clientc\3rd\toridraw\toridraw_lighting.c,104,0.002925,0.011254
C:\Users\mrobe\Documents\git_repos\oldschool-clientc\src\ui\uitree_layout.c,464,0.002925,0.011254
C:\Users\mrobe\Documents\git_repos\oldschool-clientc\3rd\miniz\miniz.c,2732,0.002924,0.011251
C:\Users\mrobe\Documents\git_repos\oldschool-clientc\3rd\miniz\miniz.c,2658,0.002924,0.011251
C:\Users\mrobe\Documents\git_repos\oldschool-clientc\3rd\miniz\miniz.c,2588,0.002924,0.011251
C:\Users\mrobe\Documents\git_repos\oldschool-clientc\3rd\miniz\miniz.c,2614,0.002924,0.011251
C:\Users\mrobe\Documents\git_repos\oldschool-clientc\src\js5\js5.c,2168,0.002924,0.011251
C:\Users\mrobe\Documents\git_repos\oldschool-clientc\src\cs2vm2\cs2vm2.c,721,0.002924,0.011251
C:\Users\mrobe\Documents\git_repos\oldschool-clientc\3rd\rscache\src\datatypes\dat2_sprites.c,174,0.002924,0.011251
C:\Users\mrobe\Documents\git_repos\oldschool-clientc\3rd\rscache\src\datatypes\dat2_sprites.c,394,0.002924,0.011251
C:\Users\mrobe\Documents\git_repos\oldschool-clientc\src\engine\world_builder\shademap.c,58,0.002924,0.011251
C:\Users\mrobe\Documents\git_repos\oldschool-clientc\src\cs2vm2\cs2vm2.c,638,0.002923,0.011247
C:\Users\mrobe\Documents\git_repos\oldschool-clientc\src\cs2vm2\cs2vm2.c,11665,0.002923,0.011247
C:\Users\mrobe\Documents\git_repos\oldschool-clientc\3rd\miniz\miniz.c,2603,0.002923,0.011247
C:\Users\mrobe\Documents\git_repos\oldschool-clientc\3rd\miniz\miniz.c,2830,0.002923,0.011247
C:\Users\mrobe\Documents\git_repos\oldschool-clientc\src\platform\platform_x_io.c,1023,0.002923,0.011247
C:\Users\mrobe\Documents\git_repos\oldschool-clientc\3rd\rscache\src\dat2disk.c,239,0.002923,0.011247
C:\Users\mrobe\Documents\git_repos\oldschool-clientc\3rd\rscache\src\rsbuffer.c,766,0.002923,0.011247
C:\Users\mrobe\Documents\git_repos\oldschool-clientc\src\js5\js5_rscache.c,35,0.002922,0.011243
C:\Users\mrobe\Documents\git_repos\oldschool-clientc\src\engine\world_builder\world_decode_tile.c,521,0.002922,0.011243
C:\Users\mrobe\Documents\git_repos\oldschool-clientc\3rd\rscache\src\dat2disk.c,182,0.002921,0.011239
C:\Users\mrobe\Documents\git_repos\oldschool-clientc\3rd\miniz\miniz.c,2783,0.002920,0.011235
C:\Users\mrobe\Documents\git_repos\oldschool-clientc\3rd\rscache\src\filelist.c,133,0.002919,0.011231
C:\Users\mrobe\Documents\git_repos\oldschool-clientc\src\engine\world_builder\world_collision.u.c,167,0.002919,0.011231
C:\Users\mrobe\Documents\git_repos\oldschool-clientc\3rd\toridraw\toridraw_model_transform.c,123,0.002917,0.011224
C:\Users\mrobe\Documents\git_repos\oldschool-clientc\src\cs2vm2\cs2vm2.c,6588,0.002913,0.011208
C:\Users\mrobe\Documents\git_repos\oldschool-clientc\src\cs2vm2\cs2vm2.c,4236,0.002908,0.011189
C:\Users\mrobe\Documents\git_repos\oldschool-clientc\3rd\toridraw\graphics\shared_tables.h,49,0.001980,0.007618
C:\Users\mrobe\Documents\git_repos\oldschool-clientc\3rd\rscache\src\rsbuffer.c,237,0.001968,0.007572
C:\Users\mrobe\Documents\git_repos\oldschool-clientc\3rd\rscache\src\archive.c,58,0.001967,0.007568
C:\Users\mrobe\Documents\git_repos\oldschool-clientc\src\painters\painters_bucket.u.c,906,0.001967,0.007568
C:\Users\mrobe\Documents\git_repos\oldschool-clientc\3rd\toridraw\graphics\raster\gouraudhsllightness\gouraudhsllightness.screen.opaque.bary.branching.s4.c,348,0.001966,0.007565
C:\Users\mrobe\Documents\git_repos\oldschool-clientc\src\painters\painters.c,240,0.001966,0.007565
C:\Users\mrobe\Documents\git_repos\oldschool-clientc\3rd\toridraw\toridraw_scene.h,342,0.001966,0.007565
C:\Users\mrobe\Documents\git_repos\oldschool-clientc\src\ui\uitree_layout.c,145,0.001965,0.007561
C:\Users\mrobe\Documents\git_repos\oldschool-clientc\3rd\toridraw\toridraw_2d.c,76,0.001964,0.007557
C:\Users\mrobe\Documents\git_repos\oldschool-clientc\src\ui\uitree.h,802,0.001963,0.007553
C:\Users\mrobe\Documents\git_repos\oldschool-clientc\3rd\toridraw\toridraw_sprite.c,510,0.001963,0.007553
C:\Users\mrobe\Documents\git_repos\oldschool-clientc\src\platform\platform_x_io.c,610,0.001963,0.007553
C:\Users\mrobe\Documents\git_repos\oldschool-clientc\src\revconfig\revconfig.c,435,0.001963,0.007553
C:\Users\mrobe\Documents\git_repos\oldschool-clientc\src\app.c,711,0.001962,0.007549
C:\Users\mrobe\Documents\git_repos\oldschool-clientc\3rd\rscache\src\filelist.c,150,0.001962,0.007549
C:\Users\mrobe\Documents\git_repos\oldschool-clientc\3rd\toridraw\toridraw_2d.c,78,0.001962,0.007549
C:\Users\mrobe\Documents\git_repos\oldschool-clientc\src\engine\world_builder\blendmap.c,131,0.001961,0.007545
C:\Users\mrobe\Documents\git_repos\oldschool-clientc\src\painters\painters_bucket.u.c,895,0.001961,0.007545
C:\Users\mrobe\Documents\git_repos\oldschool-clientc\3rd\rscache\src\datatypes\maps.c,48,0.001961,0.007545
C:\Users\mrobe\Documents\git_repos\oldschool-clientc\3rd\rscache\src\datatypes\sound_render.c,629,0.001961,0.007545
C:\Users\mrobe\Documents\git_repos\oldschool-clientc\3rd\toridraw\toridraw_render.u.c,2599,0.001961,0.007545
C:\Users\mrobe\Documents\git_repos\oldschool-clientc\3rd\toridraw\toridraw_lighting.c,330,0.001961,0.007545
C:\Users\mrobe\Documents\git_repos\oldschool-clientc\src\ui\uitree_layout.c,437,0.001961,0.007545
C:\Users\mrobe\Documents\git_repos\oldschool-clientc\src\world\world.c,619,0.001961,0.007545
C:\Users\mrobe\Documents\git_repos\oldschool-clientc\3rd\toridraw\triangles\toridraw_triangle_gouraud.u.c,78,0.001960,0.007541
C:\Users\mrobe\Documents\git_repos\oldschool-clientc\3rd\toridraw\toridraw_model.c,210,0.001960,0.007541
C:\Users\mrobe\Documents\git_repos\oldschool-clientc\3rd\toridraw\toridraw_scene.c,340,0.001960,0.007541
C:\Users\mrobe\Documents\git_repos\oldschool-clientc\src\render\torirs_frame.c,1836,0.001960,0.007541
C:\Users\mrobe\Documents\git_repos\oldschool-clientc\src\cs2vm2\cs2vm2.c,7016,0.001959,0.007538
C:\Users\mrobe\Documents\git_repos\oldschool-clientc\3rd\hmap\hmap.h,330,0.001959,0.007538
C:\Users\mrobe\Documents\git_repos\oldschool-clientc\3rd\miniz\miniz.c,2711,0.001959,0.007538
C:\Users\mrobe\Documents\git_repos\oldschool-clientc\src\engine\world_builder\lightmap.c,93,0.001959,0.007538
C:\Users\mrobe\Documents\git_repos\oldschool-clientc\src\cs2vm2\cs2vm2.c,802,0.001958,0.007534
C:\Users\mrobe\Documents\git_repos\oldschool-clientc\3rd\rscache\src\dat2disk.c,1367,0.001958,0.007534
C:\Users\mrobe\Documents\git_repos\oldschool-clientc\3rd\rscache\src\reference_table.c,105,0.001958,0.007534
C:\Users\mrobe\Documents\git_repos\oldschool-clientc\3rd\rscache\src\rsbuffer.c,170,0.001958,0.007534
C:\Users\mrobe\Documents\git_repos\oldschool-clientc\3rd\toridraw\toridraw_render.u.c,1248,0.001958,0.007534
C:\Users\mrobe\Documents\git_repos\oldschool-clientc\3rd\toridraw\toridraw_lighting.c,175,0.001958,0.007534
C:\Users\mrobe\Documents\git_repos\oldschool-clientc\src\ui\uitree_emit.c,2194,0.001958,0.007534
C:\Users\mrobe\Documents\git_repos\oldschool-clientc\src\ui\uitree_input.c,248,0.001958,0.007534
C:\Users\mrobe\Documents\git_repos\oldschool-clientc\src\engine\world_builder\world_builder.c,720,0.001958,0.007534
C:\Users\mrobe\Documents\git_repos\oldschool-clientc\3rd\hmap\hmap.h,443,0.001957,0.007530
C:\Users\mrobe\Documents\git_repos\oldschool-clientc\src\game\task_cs2_run.c,2455,0.001957,0.007530
C:\Users\mrobe\Documents\git_repos\oldschool-clientc\3rd\rscache\src\datatypes\sound_render.c,419,0.001957,0.007530
C:\Users\mrobe\Documents\git_repos\oldschool-clientc\3rd\toridraw\toridraw_font.c,1217,0.001957,0.007530
C:\Users\mrobe\Documents\git_repos\oldschool-clientc\3rd\toridraw\graphics\raster\gouraudhsllightness\gouraudhsllightness.screen.opaque.bary.branching.s4.c,287,0.001957,0.007530
C:\Users\mrobe\Documents\git_repos\oldschool-clientc\3rd\toridraw\graphics\raster\gouraudhsllightness\gouraudhsllightness.screen.opaque.bary.branching.s4.c,130,0.001957,0.007530
C:\Users\mrobe\Documents\git_repos\oldschool-clientc\3rd\toridraw\toridraw_model.h,222,0.001957,0.007530
C:\Users\mrobe\Documents\git_repos\oldschool-clientc\toolchains\mingw32\lib\gcc\i686-w64-mingw32\15.2.0\include\emmintrin.h,1230,0.001957,0.007530
C:\Users\mrobe\Documents\git_repos\oldschool-clientc\3rd\toridraw\graphics\projection16_simd.sse2.u.c,2276,0.001957,0.007530
C:\Users\mrobe\Documents\git_repos\oldschool-clientc\src\engine\world_builder\minimap.c,368,0.001957,0.007530
C:\Users\mrobe\Documents\git_repos\oldschool-clientc\src\world\world_cycle.c,283,0.001957,0.007530
C:\Users\mrobe\Documents\git_repos\oldschool-clientc\src\app.c,4147,0.001956,0.007526
C:\Users\mrobe\Documents\git_repos\oldschool-clientc\src\painters\painters_bucket.u.c,257,0.001956,0.007526
C:\Users\mrobe\Documents\git_repos\oldschool-clientc\src\painters\painters.h,184,0.001956,0.007526
C:\Users\mrobe\Documents\git_repos\oldschool-clientc\3rd\rscache\src\dat2disk.c,181,0.001956,0.007526
C:\Users\mrobe\Documents\git_repos\oldschool-clientc\3rd\rscache\src\reference_table.c,73,0.001956,0.007526
C:\Users\mrobe\Documents\git_repos\oldschool-clientc\3rd\rscache\src\reference_table.c,141,0.001956,0.007526
C:\Users\mrobe\Documents\git_repos\oldschool-clientc\3rd\rscache\src\datatypes\dat2_config_npc.c,602,0.001956,0.007526
C:\Users\mrobe\Documents\git_repos\oldschool-clientc\3rd\rscache\src\datatypes\dat2_config_obj.c,1266,0.001956,0.007526
C:\Users\mrobe\Documents\git_repos\oldschool-clientc\3rd\toridraw\graphics\raster\texture\span\tex.span.sse2.u.c,947,0.001956,0.007526
C:\Users\mrobe\Documents\git_repos\oldschool-clientc\3rd\toridraw\graphics\raster\gouraudhsllightness\gouraudhsllightness.screen.opaque.bary.branching.s4.c,158,0.001956,0.007526
C:\Users\mrobe\Documents\git_repos\oldschool-clientc\3rd\toridraw\graphics\raster\gouraudhsllightness\gouraudhsllightness.screen.opaque.bary.branching.s4.c,347,0.001956,0.007526
C:\Users\mrobe\Documents\git_repos\oldschool-clientc\3rd\toridraw\graphics\raster\gouraudhsllightness\gouraudhsllightness.screen.opaque.bary.branching.s4.c,45,0.001956,0.007526
C:\Users\mrobe\Documents\git_repos\oldschool-clientc\3rd\toridraw\triangles\toridraw_triangle_gouraud.u.c,114,0.001956,0.007526
C:\Users\mrobe\Documents\git_repos\oldschool-clientc\3rd\toridraw\toridraw_render.u.c,986,0.001956,0.007526
C:\Users\mrobe\Documents\git_repos\oldschool-clientc\toolchains\mingw32\lib\gcc\i686-w64-mingw32\15.2.0\include\emmintrin.h,1049,0.001956,0.007526
C:\Users\mrobe\Documents\git_repos\oldschool-clientc\3rd\toridraw\toridraw_raster.u.c,1375,0.001956,0.007526
C:\Users\mrobe\Documents\git_repos\oldschool-clientc\3rd\toridraw\triangles\toridraw_triangle_gouraud.u.c,1127,0.001956,0.007526
C:\Users\mrobe\Documents\git_repos\oldschool-clientc\3rd\toridraw\triangles\toridraw_triangle_face_alpha.u.c,13,0.001956,0.007526
C:\Users\mrobe\Documents\git_repos\oldschool-clientc\3rd\toridraw\graphics\shared_tables.c,52,0.001956,0.007526
C:\Users\mrobe\Documents\git_repos\oldschool-clientc\3rd\toridraw\toridraw_lighting.c,314,0.001956,0.007526
C:\Users\mrobe\Documents\git_repos\oldschool-clientc\src\ui\uitree.c,641,0.001956,0.007526
C:\Users\mrobe\Documents\git_repos\oldschool-clientc\src\ui\uitree_layout.c,546,0.001956,0.007526
C:\Users\mrobe\Documents\git_repos\oldschool-clientc\3rd\bzip\bzip.c,402,0.001955,0.007522
C:\Users\mrobe\Documents\git_repos\oldschool-clientc\src\cs2vm2\cs2vm2_script.c,76,0.001955,0.007522
C:\Users\mrobe\Documents\git_repos\oldschool-clientc\src\engine\world_builder\heightmap.c,48,0.001955,0.007522
C:\Users\mrobe\Documents\git_repos\oldschool-clientc\3rd\miniz\miniz.c,2777,0.001955,0.007522
C:\Users\mrobe\Documents\git_repos\oldschool-clientc\src\painters\painters.c,57,0.001955,0.007522
C:\Users\mrobe\Documents\git_repos\oldschool-clientc\src\painters\painters_bucket.u.c,1392,0.001955,0.007522
C:\Users\mrobe\Documents\git_repos\oldschool-clientc\src\game\rs_cs2_host.c,89,0.001955,0.007522
C:\Users\mrobe\Documents\git_repos\oldschool-clientc\3rd\rscache\src\datatypes\noise.c,32,0.001955,0.007522
C:\Users\mrobe\Documents\git_repos\oldschool-clientc\3rd\rscache\src\filelist.c,141,0.001955,0.007522
C:\Users\mrobe\Documents\git_repos\oldschool-clientc\3rd\rscache\src\datatypes\sound_render.c,625,0.001955,0.007522
C:\Users\mrobe\Documents\git_repos\oldschool-clientc\3rd\toridraw\toridraw_font.c,845,0.001955,0.007522
C:\Users\mrobe\Documents\git_repos\oldschool-clientc\3rd\toridraw\graphics\raster\gouraudhsllightness\gouraudhsllightness.screen.opaque.bary.branching.s4.c,62,0.001955,0.007522
C:\Users\mrobe\Documents\git_repos\oldschool-clientc\3rd\toridraw\toridraw_model.c,228,0.001955,0.007522
C:\Users\mrobe\Documents\git_repos\oldschool-clientc\3rd\toridraw\toridraw_model.c,233,0.001955,0.007522
C:\Users\mrobe\Documents\git_repos\oldschool-clientc\3rd\toridraw\graphics\shared_tables.c,205,0.001955,0.007522
C:\Users\mrobe\Documents\git_repos\oldschool-clientc\3rd\toridraw\toridraw_2d.c,37,0.001955,0.007522
C:\Users\mrobe\Documents\git_repos\oldschool-clientc\src\ui\uitree_emit.c,2062,0.001955,0.007522
C:\Users\mrobe\Documents\git_repos\oldschool-clientc\src\engine\world_builder\world_sharelight.u.c,231,0.001955,0.007522
C:\Users\mrobe\Documents\git_repos\oldschool-clientc\src\engine\world_builder\world_sharelight.u.c,278,0.001955,0.007522
C:\Users\mrobe\Documents\git_repos\oldschool-clientc\src\engine\world_builder\world_sharelight.u.c,567,0.001955,0.007522
C:\Users\mrobe\Documents\git_repos\oldschool-clientc\src\engine\world_builder\contour_ground.c,345,0.001955,0.007522
C:\Users\mrobe\Documents\git_repos\oldschool-clientc\src\app.c,6091,0.001954,0.007518
C:\Users\mrobe\Documents\git_repos\oldschool-clientc\src\world\entity_pool.c,71,0.001954,0.007518
C:\Users\mrobe\Documents\git_repos\oldschool-clientc\src\engine\dat2\dat2_buildcache.c,1001,0.001954,0.007518
C:\Users\mrobe\Documents\git_repos\oldschool-clientc\src\app.c,12432,0.001954,0.007518
C:\Users\mrobe\Documents\git_repos\oldschool-clientc\3rd\bzip\bzip.c,223,0.001954,0.007518
C:\Users\mrobe\Documents\git_repos\oldschool-clientc\3rd\bzip\bzip.c,349,0.001954,0.007518
C:\Users\mrobe\Documents\git_repos\oldschool-clientc\src\cs2vm2\cs2vm2.c,1672,0.001954,0.007518
C:\Users\mrobe\Documents\git_repos\oldschool-clientc\src\cs2vm2\cs2vm2.c,333,0.001954,0.007518
C:\Users\mrobe\Documents\git_repos\oldschool-clientc\src\cs2vm2\cs2vm2.c,11974,0.001954,0.007518
C:\Users\mrobe\Documents\git_repos\oldschool-clientc\3rd\hmap\hmap.h,472,0.001954,0.007518
C:\Users\mrobe\Documents\git_repos\oldschool-clientc\3rd\miniz\miniz.c,2755,0.001954,0.007518
C:\Users\mrobe\Documents\git_repos\oldschool-clientc\3rd\miniz\miniz.c,2432,0.001954,0.007518
C:\Users\mrobe\Documents\git_repos\oldschool-clientc\src\painters\painters_bucket.u.c,917,0.001954,0.007518
C:\Users\mrobe\Documents\git_repos\oldschool-clientc\src\painters\painters_bucket.u.c,972,0.001954,0.007518
C:\Users\mrobe\Documents\git_repos\oldschool-clientc\src\painters\painters_bucket.u.c,1351,0.001954,0.007518
C:\Users\mrobe\Documents\git_repos\oldschool-clientc\src\platform\platform_sdl2_renderer_soft3d.c,970,0.001954,0.007518
C:\Users\mrobe\Documents\git_repos\oldschool-clientc\3rd\rscache\src\dat2disk.c,801,0.001954,0.007518
C:\Users\mrobe\Documents\git_repos\oldschool-clientc\3rd\rscache\src\datatypes\model.c,1381,0.001954,0.007518
C:\Users\mrobe\Documents\git_repos\oldschool-clientc\3rd\rscache\src\datatypes\sound_render.c,100,0.001954,0.007518
C:\Users\mrobe\Documents\git_repos\oldschool-clientc\3rd\rscache\src\datatypes\sound_render.c,287,0.001954,0.007518
C:\Users\mrobe\Documents\git_repos\oldschool-clientc\3rd\rscache\src\datatypes\sound_render.c,293,0.001954,0.007518
C:\Users\mrobe\Documents\git_repos\oldschool-clientc\3rd\toridraw\graphics\raster\gouraudhsllightness\gouraudhsllightness.screen.opaque.bary.branching.s4.c,248,0.001954,0.007518
C:\Users\mrobe\Documents\git_repos\oldschool-clientc\3rd\toridraw\graphics\raster\gouraudhsllightness\gouraudhsllightness.screen.opaque.bary.branching.s4.c,470,0.001954,0.007518
C:\Users\mrobe\Documents\git_repos\oldschool-clientc\3rd\toridraw\graphics\int_wrap.h,43,0.001954,0.007518
C:\Users\mrobe\Documents\git_repos\oldschool-clientc\3rd\toridraw\graphics\raster\gouraudhsllightness\gouraudhsllightness.screen.opaque.bary.branching.s4.c,512,0.001954,0.007518
C:\Users\mrobe\Documents\git_repos\oldschool-clientc\3rd\toridraw\triangles\toridraw_triangle_gouraud.u.c,809,0.001954,0.007518
C:\Users\mrobe\Documents\git_repos\oldschool-clientc\3rd\toridraw\toridraw_lighting.c,132,0.001954,0.007518
C:\Users\mrobe\Documents\git_repos\oldschool-clientc\3rd\toridraw\toridraw_lighting.c,136,0.001954,0.007518
C:\Users\mrobe\Documents\git_repos\oldschool-clientc\3rd\toridraw\toridraw_lighting.c,84,0.001954,0.007518
C:\Users\mrobe\Documents\git_repos\oldschool-clientc\3rd\toridraw\toridraw_lighting.c,331,0.001954,0.007518
C:\Users\mrobe\Documents\git_repos\oldschool-clientc\3rd\toridraw\toridraw_scene.c,333,0.001954,0.007518
C:\Users\mrobe\Documents\git_repos\oldschool-clientc\3rd\toridraw\toridraw_2d.c,73,0.001954,0.007518
C:\Users\mrobe\Documents\git_repos\oldschool-clientc\src\render\torirs_frame.c,1951,0.001954,0.007518
C:\Users\mrobe\Documents\git_repos\oldschool-clientc\src\engine\uitree_from_component.c,191,0.001954,0.007518
C:\Users\mrobe\Documents\git_repos\oldschool-clientc\src\engine\world_builder\flag_map.u.c,65,0.001954,0.007518
C:\Users\mrobe\Documents\git_repos\oldschool-clientc\src\engine\world_builder\world_sharelight.u.c,119,0.001954,0.007518
C:\Users\mrobe\Documents\git_repos\oldschool-clientc\src\engine\world_builder\world_sharelight.u.c,219,0.001954,0.007518
C:\Users\mrobe\Documents\git_repos\oldschool-clientc\src\engine\world_builder\world_scenery.u.c,479,0.001954,0.007518
C:\Users\mrobe\Documents\git_repos\oldschool-clientc\src\engine\world_builder\world_contour_ground.u.c,96,0.001954,0.007518
R:\winlibs_staging_msvcrt32\gcc-15.2.0\build_mingw\i686-w64-mingw32\libgcc\..\..\..\libgcc\libgcc2.c,1301,0.001954,0.007518
C:\Users\mrobe\Documents\git_repos\oldschool-clientc\src\<artificial>,8804,0.001953,0.007515
C:\Users\mrobe\Documents\git_repos\oldschool-clientc\src\app.c,12617,0.001953,0.007515
C:\Users\mrobe\Documents\git_repos\oldschool-clientc\src\engine\world_builder\blendmap.c,219,0.001953,0.007515
C:\Users\mrobe\Documents\git_repos\oldschool-clientc\3rd\rscache\src\datatypes\dat2_config_db.c,62,0.001953,0.007515
C:\Users\mrobe\Documents\git_repos\oldschool-clientc\src\cs2vm2\cs2vm2.c,131,0.001953,0.007515
C:\Users\mrobe\Documents\git_repos\oldschool-clientc\3rd\hmap\hmap.h,257,0.001953,0.007515
C:\Users\mrobe\Documents\git_repos\oldschool-clientc\src\engine\world_builder\heightmap.c,169,0.001953,0.007515
C:\Users\mrobe\Documents\git_repos\oldschool-clientc\3rd\miniz\miniz.c,2835,0.001953,0.007515
C:\Users\mrobe\Documents\git_repos\oldschool-clientc\src\painters\painters.c,212,0.001953,0.007515
C:\Users\mrobe\Documents\git_repos\oldschool-clientc\src\painters\painters_i.h,339,0.001953,0.007515
C:\Users\mrobe\Documents\git_repos\oldschool-clientc\src\platform\platform_sdl2_renderer_soft3d.c,990,0.001953,0.007515
C:\Users\mrobe\Documents\git_repos\oldschool-clientc\src\game\rs_cs2_host.c,7500,0.001953,0.007515
C:\Users\mrobe\Documents\git_repos\oldschool-clientc\src\ui\uitree.c,1023,0.001953,0.007515
C:\Users\mrobe\Documents\git_repos\oldschool-clientc\3rd\bzip\bzip.c,555,0.001953,0.007515
C:\Users\mrobe\Documents\git_repos\oldschool-clientc\src\engine\world_builder\task_world_load.c,314,0.001953,0.007515
C:\Users\mrobe\Documents\git_repos\oldschool-clientc\toolchains\mingw32\lib\gcc\i686-w64-mingw32\15.2.0\include\emmintrin.h,1252,0.001953,0.007515
C:\Users\mrobe\Documents\git_repos\oldschool-clientc\3rd\toridraw\graphics\raster\gouraudhsllightness\gouraudhsllightness.screen.opaque.bary.branching.s4.c,256,0.001953,0.007515
C:\Users\mrobe\Documents\git_repos\oldschool-clientc\3rd\toridraw\toridraw_render.u.c,995,0.001953,0.007515
C:\Users\mrobe\Documents\git_repos\oldschool-clientc\3rd\toridraw\toridraw_render.u.c,1009,0.001953,0.007515
C:\Users\mrobe\Documents\git_repos\oldschool-clientc\3rd\toridraw\toridraw_model.h,223,0.001953,0.007515
C:\Users\mrobe\Documents\git_repos\oldschool-clientc\3rd\toridraw\toridraw_render.u.c,721,0.001953,0.007515
C:\Users\mrobe\Documents\git_repos\oldschool-clientc\3rd\toridraw\toridraw_render.u.c,205,0.001953,0.007515
C:\Users\mrobe\Documents\git_repos\oldschool-clientc\3rd\toridraw\toridraw_raster.u.c,387,0.001953,0.007515
C:\Users\mrobe\Documents\git_repos\oldschool-clientc\3rd\toridraw\triangles\toridraw_triangle_gouraud.u.c,807,0.001953,0.007515
C:\Users\mrobe\Documents\git_repos\oldschool-clientc\src\<artificial>,96,0.001953,0.007515
C:\Users\mrobe\Documents\git_repos\oldschool-clientc\3rd\toridraw\toridraw_lighting.c,180,0.001953,0.007515
C:\Users\mrobe\Documents\git_repos\oldschool-clientc\3rd\toridraw\toridraw_lighting.c,182,0.001953,0.007515
C:\Users\mrobe\Documents\git_repos\oldschool-clientc\3rd\toridraw\toridraw_lighting.c,187,0.001953,0.007515
C:\Users\mrobe\Documents\git_repos\oldschool-clientc\3rd\toridraw\graphics\shared_tables.c,120,0.001953,0.007515
C:\Users\mrobe\Documents\git_repos\oldschool-clientc\3rd\toridraw\graphics\shared_tables.c,126,0.001953,0.007515
C:\Users\mrobe\Documents\git_repos\oldschool-clientc\3rd\toridraw\graphics\shared_tables.c,44,0.001953,0.007515
C:\Users\mrobe\Documents\git_repos\oldschool-clientc\3rd\toridraw\toridraw_lighting.c,328,0.001953,0.007515
C:\Users\mrobe\Documents\git_repos\oldschool-clientc\3rd\toridraw\toridraw_model.c,333,0.001953,0.007515
C:\Users\mrobe\Documents\git_repos\oldschool-clientc\3rd\toridraw\toridraw_model_transform.c,833,0.001953,0.007515
C:\Users\mrobe\Documents\git_repos\oldschool-clientc\3rd\toridraw\toridraw_model_transform.c,834,0.001953,0.007515
C:\Users\mrobe\Documents\git_repos\oldschool-clientc\3rd\toridraw\toridraw_model.c,462,0.001953,0.007515
C:\Users\mrobe\Documents\git_repos\oldschool-clientc\3rd\toridraw\toridraw_sprite.c,967,0.001953,0.007515
C:\Users\mrobe\Documents\git_repos\oldschool-clientc\src\plugin\torirs_plugin_host.c,396,0.001953,0.007515
C:\Users\mrobe\Documents\git_repos\oldschool-clientc\src\ui\uitree.c,4517,0.001953,0.007515
C:\Users\mrobe\Documents\git_repos\oldschool-clientc\src\ui\uitree_layout.c,102,0.001953,0.007515
C:\Users\mrobe\Documents\git_repos\oldschool-clientc\src\engine\world_builder\occluder_buildmap.c,91,0.001953,0.007515
C:\Users\mrobe\Documents\git_repos\oldschool-clientc\src\engine\world_builder\shademap.c,17,0.001953,0.007515
C:\Users\mrobe\Documents\git_repos\oldschool-clientc\src\engine\world_builder\world_sharelight.u.c,208,0.001953,0.007515
C:\Users\mrobe\Documents\git_repos\oldschool-clientc\src\engine\world_builder\world_sharelight.u.c,213,0.001953,0.007515
C:\Users\mrobe\Documents\git_repos\oldschool-clientc\src\engine\world_builder\world_contour_ground.u.c,63,0.001953,0.007515
C:\Users\mrobe\Documents\git_repos\oldschool-clientc\src\engine\world_builder\contour_ground.c,337,0.001953,0.007515
C:\Users\mrobe\Documents\git_repos\oldschool-clientc\src\engine\world_builder\contour_ground.c,357,0.001953,0.007515
C:\Users\mrobe\Documents\git_repos\oldschool-clientc\src\engine\world_builder\contour_ground.c,133,0.001953,0.007515
R:\winlibs_staging_msvcrt32\gcc-15.2.0\build_mingw\i686-w64-mingw32\libgcc\..\..\..\libgcc\libgcc2.c,1299,0.001953,0.007515
C:\Users\mrobe\Documents\git_repos\oldschool-clientc\src\platform\platform_win32_timing.c,75,0.001953,0.007515
C:\Users\mrobe\Documents\git_repos\oldschool-clientc\src\app.c,2291,0.001952,0.007511
C:\Users\mrobe\Documents\git_repos\oldschool-clientc\src\app.c,4078,0.001952,0.007511
C:\Users\mrobe\Documents\git_repos\oldschool-clientc\3rd\bzip\bzip.c,307,0.001952,0.007511
C:\Users\mrobe\Documents\git_repos\oldschool-clientc\3rd\rscache\src\datatypes\dat2_config_db.c,74,0.001952,0.007511
C:\Users\mrobe\Documents\git_repos\oldschool-clientc\src\cs2vm2\cs2vm2.c,4414,0.001952,0.007511
C:\Users\mrobe\Documents\git_repos\oldschool-clientc\src\cs2vm2\cs2vm2.c,1888,0.001952,0.007511
C:\Users\mrobe\Documents\git_repos\oldschool-clientc\src\cs2vm2\cs2vm2.c,11915,0.001952,0.007511
C:\Users\mrobe\Documents\git_repos\oldschool-clientc\3rd\hmap\hmap.h,448,0.001952,0.007511
C:\Users\mrobe\Documents\git_repos\oldschool-clientc\3rd\hmap\hmap.h,423,0.001952,0.007511
C:\Users\mrobe\Documents\git_repos\oldschool-clientc\3rd\rscache\src\dat2disk.c,1285,0.001952,0.007511
C:\Users\mrobe\Documents\git_repos\oldschool-clientc\3rd\miniz\miniz.c,2773,0.001952,0.007511
C:\Users\mrobe\Documents\git_repos\oldschool-clientc\src\platform\platform_win32_timing.c,68,0.001952,0.007511
C:\Users\mrobe\Documents\git_repos\oldschool-clientc\3rd\rscache\src\datatypes\sound_render.c,435,0.001952,0.007511
C:\Users\mrobe\Documents\git_repos\oldschool-clientc\3rd\rscache\src\datatypes\dat2_sprites.c,143,0.001952,0.007511
C:\Users\mrobe\Documents\git_repos\oldschool-clientc\src\engine\cache_provider.h,1243,0.001952,0.007511
C:\Users\mrobe\Documents\git_repos\oldschool-clientc\src\game\task_exec_entity_info.c,1196,0.001952,0.007511
C:\Users\mrobe\Documents\git_repos\oldschool-clientc\3rd\toridraw\graphics\raster\texture\span\tex.span.sse2.u.c,1080,0.001952,0.007511
C:\Users\mrobe\Documents\git_repos\oldschool-clientc\3rd\toridraw\graphics\raster\texture\span\tex.span.sse2.u.c,672,0.001952,0.007511
C:\Users\mrobe\Documents\git_repos\oldschool-clientc\3rd\toridraw\graphics\raster\gouraudhsllightness\gouraudhsllightness.screen.opaque.bary.branching.s4.c,159,0.001952,0.007511
C:\Users\mrobe\Documents\git_repos\oldschool-clientc\3rd\toridraw\graphics\raster\gouraudhsllightness\gouraudhsllightness.screen.opaque.bary.branching.s4.c,220,0.001952,0.007511
C:\Users\mrobe\Documents\git_repos\oldschool-clientc\3rd\toridraw\graphics\raster\gouraudhsllightness\gouraudhsllightness.screen.opaque.bary.branching.s4.c,236,0.001952,0.007511
C:\Users\mrobe\Documents\git_repos\oldschool-clientc\3rd\toridraw\graphics\raster\gouraudhsllightness\gouraudhsllightness.screen.opaque.bary.branching.s4.c,301,0.001952,0.007511
C:\Users\mrobe\Documents\git_repos\oldschool-clientc\3rd\toridraw\graphics\raster\gouraudhsllightness\gouraudhsllightness.screen.opaque.bary.branching.s4.c,90,0.001952,0.007511
C:\Users\mrobe\Documents\git_repos\oldschool-clientc\3rd\toridraw\toridraw_render.u.c,1140,0.001952,0.007511
C:\Users\mrobe\Documents\git_repos\oldschool-clientc\3rd\toridraw\toridraw_raster.u.c,579,0.001952,0.007511
C:\Users\mrobe\Documents\git_repos\oldschool-clientc\3rd\toridraw\toridraw_lighting.c,158,0.001952,0.007511
C:\Users\mrobe\Documents\git_repos\oldschool-clientc\3rd\toridraw\toridraw_model.c,166,0.001952,0.007511
C:\Users\mrobe\Documents\git_repos\oldschool-clientc\3rd\toridraw\graphics\shared_tables.c,39,0.001952,0.007511
C:\Users\mrobe\Documents\git_repos\oldschool-clientc\3rd\toridraw\graphics\shared_tables.c,75,0.001952,0.007511
C:\Users\mrobe\Documents\git_repos\oldschool-clientc\3rd\toridraw\toridraw_lighting.c,299,0.001952,0.007511
C:\Users\mrobe\Documents\git_repos\oldschool-clientc\3rd\toridraw\toridraw_model_transform.c,829,0.001952,0.007511
C:\Users\mrobe\Documents\git_repos\oldschool-clientc\3rd\toridraw\toridraw_2d.c,649,0.001952,0.007511
C:\Users\mrobe\Documents\git_repos\oldschool-clientc\src\ui\uitree_hook.c,103,0.001952,0.007511
C:\Users\mrobe\Documents\git_repos\oldschool-clientc\src\ui\uitree_emit.c,384,0.001952,0.007511
C:\Users\mrobe\Documents\git_repos\oldschool-clientc\src\engine\uitree_from_component.c,181,0.001952,0.007511
C:\Users\mrobe\Documents\git_repos\oldschool-clientc\src\engine\cache_provider.c,2508,0.001952,0.007511
C:\Users\mrobe\Documents\git_repos\oldschool-clientc\src\engine\world_builder\lightmap.c,109,0.001952,0.007511
C:\Users\mrobe\Documents\git_repos\oldschool-clientc\src\engine\world_builder\heightmap.c,69,0.001952,0.007511
C:\Users\mrobe\Documents\git_repos\oldschool-clientc\src\engine\world_builder\world_sharelight.u.c,234,0.001952,0.007511
R:\winlibs_staging_msvcrt32\gcc-15.2.0\build_mingw\i686-w64-mingw32\libgcc\..\..\..\libgcc\libgcc2.c,1012,0.001952,0.007511
C:\Users\mrobe\Documents\git_repos\oldschool-clientc\src\app.c,6095,0.001951,0.007507
C:\Users\mrobe\Documents\git_repos\oldschool-clientc\src\cs2vm2\cs2vm2.c,4277,0.001951,0.007507
C:\Users\mrobe\Documents\git_repos\oldschool-clientc\src\cs2vm2\cs2vm2.c,4289,0.001951,0.007507
C:\Users\mrobe\Documents\git_repos\oldschool-clientc\src\cs2vm2\cs2vm2.c,11924,0.001951,0.007507
C:\Users\mrobe\Documents\git_repos\oldschool-clientc\src\engine\world_builder\heightmap.c,103,0.001951,0.007507
C:\Users\mrobe\Documents\git_repos\oldschool-clientc\src\js5\js5.c,1029,0.001951,0.007507
C:\Users\mrobe\Documents\git_repos\oldschool-clientc\src\platform\platform_sdl2_renderer_soft3d.c,938,0.001951,0.007507
C:\Users\mrobe\Documents\git_repos\oldschool-clientc\src\game\rs_cs2_host.c,8643,0.001951,0.007507
C:\Users\mrobe\Documents\git_repos\oldschool-clientc\3rd\rscache\src\rsbuffer.c,360,0.001951,0.007507
C:\Users\mrobe\Documents\git_repos\oldschool-clientc\3rd\rscache\src\datatypes\sound_render.c,484,0.001951,0.007507
C:\Users\mrobe\Documents\git_repos\oldschool-clientc\3rd\rscache\src\datatypes\sound_render.c,490,0.001951,0.007507
C:\Users\mrobe\Documents\git_repos\oldschool-clientc\3rd\rscache\src\datatypes\dat2_config_npc.c,597,0.001951,0.007507
C:\Users\mrobe\Documents\git_repos\oldschool-clientc\src\engine\world_builder\task_world_load.c,186,0.001951,0.007507
C:\Users\mrobe\Documents\git_repos\oldschool-clientc\3rd\toridraw\graphics\raster\flat\flat.screen.opaque.branching.s4.c,186,0.001951,0.007507
C:\Users\mrobe\Documents\git_repos\oldschool-clientc\3rd\toridraw\graphics\raster\texture\span\tex.span.sse2.u.c,919,0.001951,0.007507
C:\Users\mrobe\Documents\git_repos\oldschool-clientc\3rd\toridraw\triangles\toridraw_triangle_flat.u.c,34,0.001951,0.007507
C:\Users\mrobe\Documents\git_repos\oldschool-clientc\3rd\toridraw\graphics\raster\gouraudhsllightness\gouraudhsllightness.screen.opaque.bary.branching.s4.c,162,0.001951,0.007507
C:\Users\mrobe\Documents\git_repos\oldschool-clientc\3rd\toridraw\graphics\raster\flat\flat_screen_edges.h,27,0.001951,0.007507
C:\Users\mrobe\Documents\git_repos\oldschool-clientc\3rd\toridraw\graphics\raster\gouraudhsllightness\gouraudhsllightness.screen.opaque.bary.branching.s4.c,599,0.001951,0.007507
C:\Users\mrobe\Documents\git_repos\oldschool-clientc\3rd\toridraw\graphics\raster\texture\texshadeblend.persp.textrans.branching.lerp8_v3.u.c,303,0.001951,0.007507
C:\Users\mrobe\Documents\git_repos\oldschool-clientc\3rd\toridraw\toridraw_render.u.c,1643,0.001951,0.007507
C:\Users\mrobe\Documents\git_repos\oldschool-clientc\3rd\toridraw\toridraw_model.c,80,0.001951,0.007507
C:\Users\mrobe\Documents\git_repos\oldschool-clientc\3rd\toridraw\toridraw_lighting.c,401,0.001951,0.007507
C:\Users\mrobe\Documents\git_repos\oldschool-clientc\3rd\toridraw\toridraw_model_transform.c,831,0.001951,0.007507
C:\Users\mrobe\Documents\git_repos\oldschool-clientc\3rd\toridraw\toridraw_intrusive_list.c,75,0.001951,0.007507
C:\Users\mrobe\Documents\git_repos\oldschool-clientc\3rd\toridraw\toridraw_2d.c,547,0.001951,0.007507
C:\Users\mrobe\Documents\git_repos\oldschool-clientc\3rd\toridraw\toridraw_intrusive_list.h,45,0.001951,0.007507
C:\Users\mrobe\Documents\git_repos\oldschool-clientc\src\engine\uitree_from_component.c,25,0.001951,0.007507
C:\Users\mrobe\Documents\git_repos\oldschool-clientc\3rd\toridraw\toridraw_model_transform.c,722,0.001951,0.007507
C:\Users\mrobe\Documents\git_repos\oldschool-clientc\src\engine\world_builder\world_sharelight.u.c,400,0.001951,0.007507
C:\Users\mrobe\Documents\git_repos\oldschool-clientc\src\engine\world_builder\world_sharelight.u.c,594,0.001951,0.007507
R:\winlibs_staging_msvcrt32\gcc-15.2.0\build_mingw\i686-w64-mingw32\libgcc\..\..\..\libgcc\config\i386\cygwin.S,155,0.001951,0.007507
C:\Users\mrobe\Documents\git_repos\oldschool-clientc\3rd\bzip\bzip.c,215,0.001950,0.007503
C:\Users\mrobe\Documents\git_repos\oldschool-clientc\3rd\miniz\miniz.c,2719,0.001950,0.007503
C:\Users\mrobe\Documents\git_repos\oldschool-clientc\3rd\rscache\src\dat2disk.c,598,0.001950,0.007503
C:\Users\mrobe\Documents\git_repos\oldschool-clientc\3rd\rscache\src\filelist.c,149,0.001950,0.007503
C:\Users\mrobe\Documents\git_repos\oldschool-clientc\3rd\toridraw\toridraw_lighting.c,336,0.001950,0.007503
C:\Users\mrobe\Documents\git_repos\oldschool-clientc\src\ui\uitree.c,1766,0.001950,0.007503
C:\Users\mrobe\Documents\git_repos\oldschool-clientc\src\engine\uitree_from_component.c,250,0.001950,0.007503
C:\Users\mrobe\Documents\git_repos\oldschool-clientc\src\engine\world_builder\occluder_buildmap.c,208,0.001950,0.007503
C:\Users\mrobe\Documents\git_repos\oldschool-clientc\src\cs2vm2\cs2vm2.c,331,0.001949,0.007499
C:\Users\mrobe\Documents\git_repos\oldschool-clientc\src\cs2vm2\cs2vm2.c,654,0.001949,0.007499
C:\Users\mrobe\Documents\git_repos\oldschool-clientc\src\js5\js5.c,1885,0.001949,0.007499
C:\Users\mrobe\Documents\git_repos\oldschool-clientc\src\game\rs_cs2_host.c,5522,0.001949,0.007499
C:\Users\mrobe\Documents\git_repos\oldschool-clientc\src\game\rs_cs2_host.c,8245,0.001949,0.007499
C:\Users\mrobe\Documents\git_repos\oldschool-clientc\3rd\rscache\src\datatypes\noise.c,33,0.001949,0.007499
C:\Users\mrobe\Documents\git_repos\oldschool-clientc\src\game\task_cs2_run.c,1024,0.001949,0.007499
C:\Users\mrobe\Documents\git_repos\oldschool-clientc\src\engine\dat2\task_dat2_varbit_load.c,225,0.001949,0.007499
C:\Users\mrobe\Documents\git_repos\oldschool-clientc\3rd\toridraw\graphics\raster\texture\span\tex.span.sse2.u.c,977,0.001949,0.007499
C:\Users\mrobe\Documents\git_repos\oldschool-clientc\3rd\toridraw\graphics\raster\gouraudhsllightness\gouraudhsllightness.screen.opaque.bary.branching.s4.c,292,0.001949,0.007499
C:\Users\mrobe\Documents\git_repos\oldschool-clientc\3rd\toridraw\graphics\projection.u.c,476,0.001949,0.007499
C:\Users\mrobe\Documents\git_repos\oldschool-clientc\src\engine\world_builder\heightmap.c,68,0.001949,0.007499
C:\Users\mrobe\Documents\git_repos\oldschool-clientc\src\engine\world_builder\world_sharelight.u.c,83,0.001949,0.007499
C:\Users\mrobe\Documents\git_repos\oldschool-clientc\src\painters\painters.c,30,0.001949,0.007499
C:\Users\mrobe\Documents\git_repos\oldschool-clientc\src\engine\world_builder\world_contour_ground.u.c,43,0.001949,0.007499
C:\Users\mrobe\Documents\git_repos\oldschool-clientc\src\engine\world_builder\minimap.c,837,0.001948,0.007495
C:\Users\mrobe\Documents\git_repos\oldschool-clientc\3rd\miniz\miniz.c,2645,0.001948,0.007495
C:\Users\mrobe\Documents\git_repos\oldschool-clientc\src\platform\platform_sdl2_renderer_soft3d.c,1062,0.001948,0.007495
C:\Users\mrobe\Documents\git_repos\oldschool-clientc\3rd\rscache\src\datatypes\sound_render.c,289,0.001948,0.007495
C:\Users\mrobe\Documents\git_repos\oldschool-clientc\3rd\toridraw\triangles\toridraw_triangle_gouraud.u.c,814,0.001948,0.007495
C:\Users\mrobe\Documents\git_repos\oldschool-clientc\3rd\toridraw\toridraw_lighting.c,405,0.001948,0.007495
C:\Users\mrobe\Documents\git_repos\oldschool-clientc\3rd\toridraw\toridraw_model_transform.c,572,0.001948,0.007495
C:\Users\mrobe\Documents\git_repos\oldschool-clientc\src\engine\world_builder\lightmap.c,110,0.001948,0.007495
C:\Users\mrobe\Documents\git_repos\oldschool-clientc\src\engine\world_builder\world_terrain.u.c,648,0.001948,0.007495
R:\winlibs_staging_msvcrt32\gcc-15.2.0\build_mingw\i686-w64-mingw32\libgcc\..\..\..\libgcc\config\i386\cygwin.S,154,0.001948,0.007495
C:\Users\mrobe\Documents\git_repos\oldschool-clientc\3rd\bzip\bzip.c,172,0.001947,0.007491
C:\Users\mrobe\Documents\git_repos\oldschool-clientc\src\game\rs_cs2_host.c,7483,0.001947,0.007491
C:\Users\mrobe\Documents\git_repos\oldschool-clientc\3rd\rscache\src\datatypes\noise.c,37,0.001947,0.007491
C:\Users\mrobe\Documents\git_repos\oldschool-clientc\src\engine\world_builder\task_world_load.c,51,0.001947,0.007491
C:\Users\mrobe\Documents\git_repos\oldschool-clientc\3rd\toridraw\toridraw_render.u.c,2444,0.001947,0.007491
C:\Users\mrobe\Documents\git_repos\oldschool-clientc\3rd\toridraw\toridraw_raster.u.c,415,0.001947,0.007491
C:\Users\mrobe\Documents\git_repos\oldschool-clientc\3rd\toridraw\toridraw_raster.u.c,557,0.001947,0.007491
C:\Users\mrobe\Documents\git_repos\oldschool-clientc\3rd\toridraw\toridraw_scene.c,132,0.001947,0.007491
C:\Users\mrobe\Documents\git_repos\oldschool-clientc\3rd\rscache\src\datatypes\maps.h,65,0.001947,0.007491
C:\Users\mrobe\Documents\git_repos\oldschool-clientc\src\engine\world_builder\blendmap.c,235,0.001946,0.007488
C:\Users\mrobe\Documents\git_repos\oldschool-clientc\src\cs2vm2\cs2vm2.c,4361,0.001946,0.007488
C:\Users\mrobe\Documents\git_repos\oldschool-clientc\src\engine\dat2\task_dat2_model_load.c,94,0.001946,0.007488
C:\Users\mrobe\Documents\git_repos\oldschool-clientc\3rd\toridraw\graphics\raster\texture\span\tex.span.sse2.u.c,668,0.001946,0.007488
C:\Users\mrobe\Documents\git_repos\oldschool-clientc\src\world\world.c,610,0.001946,0.007488
C:\Users\mrobe\Documents\git_repos\oldschool-clientc\src\engine\world_builder\world_sharelight.u.c,126,0.001946,0.007488
C:\Users\mrobe\Documents\git_repos\oldschool-clientc\src\engine\world_builder\world_sharelight.u.c,223,0.001946,0.007488
C:\Users\mrobe\Documents\git_repos\oldschool-clientc\3rd\bzip\bzip.c,324,0.001945,0.007484
C:\Users\mrobe\Documents\git_repos\oldschool-clientc\src\js5\js5_rscache.c,34,0.001945,0.007484
C:\Users\mrobe\Documents\git_repos\oldschool-clientc\3rd\miniz\miniz.c,2718,0.001945,0.007484
C:\Users\mrobe\Documents\git_repos\oldschool-clientc\src\platform\platform_sdl2_renderer_soft3d.c,761,0.001945,0.007484
C:\Users\mrobe\Documents\git_repos\oldschool-clientc\3rd\rscache\src\rsbuffer.c,239,0.001945,0.007484
C:\Users\mrobe\Documents\git_repos\oldschool-clientc\3rd\toridraw\graphics\raster\texture\span\tex.span.sse2.u.c,918,0.001945,0.007484
C:\Users\mrobe\Documents\git_repos\oldschool-clientc\3rd\toridraw\graphics\raster\gouraudhsllightness\gouraudhsllightness.screen.alpha.bary.branching.s4.c,196,0.001945,0.007484
C:\Users\mrobe\Documents\git_repos\oldschool-clientc\toolchains\mingw32\lib\gcc\i686-w64-mingw32\15.2.0\include\emmintrin.h,863,0.001945,0.007484
C:\Users\mrobe\Documents\git_repos\oldschool-clientc\3rd\toridraw\toridraw_lighting.c,196,0.001945,0.007484
C:\Users\mrobe\Documents\git_repos\oldschool-clientc\3rd\toridraw\toridraw_raster.u.c,1137,0.001942,0.007472
C:\Users\mrobe\Documents\git_repos\oldschool-clientc\3rd\toridraw\triangles\toridraw_triangle_gouraud.u.c,806,0.001942,0.007472
C:\Users\mrobe\Documents\git_repos\oldschool-clientc\3rd\toridraw\graphics\raster\gouraudhsllightness\gouraudhsllightness.screen.opaque.bary.branching.s4.c,474,0.001941,0.007468
C:\Users\mrobe\Documents\git_repos\oldschool-clientc\src\ui\uitree_input.c,549,0.001941,0.007468
C:\Users\mrobe\Documents\git_repos\oldschool-clientc\3rd\toridraw\graphics\raster\gouraudhsllightness\gouraudhsllightness.screen.opaque.bary.branching.s4.c,19,0.001940,0.007464
C:\Users\mrobe\Documents\git_repos\oldschool-clientc\3rd\toridraw\graphics\raster\texture\span\tex.span.sse2.u.c,884,0.001939,0.007461
C:\Users\mrobe\Documents\git_repos\oldschool-clientc\3rd\toridraw\toridraw_render.u.c,1060,0.001939,0.007461
C:\Users\mrobe\Documents\git_repos\oldschool-clientc\3rd\toridraw\toridraw_render.u.c,1092,0.001939,0.007461
C:\Users\mrobe\Documents\git_repos\oldschool-clientc\src\render\torirs_frame.c,1961,0.001938,0.007457
C:\Users\mrobe\Documents\git_repos\oldschool-clientc\3rd\toridraw\osrs\palette.c,160,0.001937,0.007453
C:\Users\mrobe\Documents\git_repos\oldschool-clientc\3rd\toridraw\toridraw_render.u.c,1222,0.001922,0.007395
