module,function,source,line,exclusive_seconds,exclusive_percent,inclusive_seconds,inclusive_percent
torirs-profile,public_all,[unknown],0,0.015603,0.026056,59.557055,99.457149
kernel32,RegisterWaitForInputIdle,[unknown],0,0.000000,0.000000,59.557055,99.457149
torirs-profile,main,C:\Users\mrobe\Documents\git_repos\oldschool-clientc\src\main.c,3155,0.031251,0.052188,59.497490,99.357678
torirs-profile,frame_loop_step,C:\Users\mrobe\Documents\git_repos\oldschool-clientc\src\<artificial>,800,0.014644,0.024455,57.110263,95.371135
torirs-profile,App_PlaySound,C:\Users\mrobe\Documents\git_repos\oldschool-clientc\src\app.c,24235,0.109362,0.182629,32.743019,54.679119
torirs-profile,luaZ_fill,C:\Users\mrobe\Documents\git_repos\oldschool-clientc\3rd\lua\lzio.c,24,0.002931,0.004895,22.820264,38.108640
torirs-profile,app_dispatch_clientscript,C:\Users\mrobe\Documents\git_repos\oldschool-clientc\src\app.c,11476,0.079988,0.133576,21.900355,36.572441
torirs-profile,App_Render,C:\Users\mrobe\Documents\git_repos\oldschool-clientc\src\app.c,28104,0.019515,0.032589,21.769360,36.353686
torirs-profile,ToriRS_Soft3D_RenderFrame,C:\Users\mrobe\Documents\git_repos\oldschool-clientc\src\platform\platform_sdl2_renderer_soft3d.c,1425,0.376188,0.628214,20.530391,34.284673
torirs-profile,ToriRS_Soft3D_Execute,C:\Users\mrobe\Documents\git_repos\oldschool-clientc\src\platform\platform_sdl2_renderer_soft3d.c,1047,0.568561,0.949467,19.461105,32.499021
torirs-profile,project_vertices_array_ortho_fused_clip,C:\Users\mrobe\Documents\git_repos\oldschool-clientc\3rd\toridraw\graphics\projection_ortho.u.c,317,5.622498,9.389276,12.675528,21.167465
torirs-profile,PlatformXIOJs5Cache_Tick,C:\Users\mrobe\Documents\git_repos\oldschool-clientc\src\platform\platform_x_io_js5_cache.c,107,0.331756,0.554015,10.303847,17.206882
torirs-profile,PlatformXIO_Js5Pump,C:\Users\mrobe\Documents\git_repos\oldschool-clientc\src\platform\platform_x_io.c,1015,0.053672,0.089629,9.868263,16.479480
ntdll,KiFastSystemCallRet,[unknown],0,9.716032,16.225262,9.716032,16.225262
torirs-profile,js5_validate_local_group,C:\Users\mrobe\Documents\git_repos\oldschool-clientc\src\js5\js5.c,1017,0.027351,0.045675,8.996494,15.023672
torirs-profile,dat2_file_store_get,C:\Users\mrobe\Documents\git_repos\oldschool-clientc\3rd\rscache\src\dat2disk.c,767,0.017575,0.029349,8.282822,13.831877
torirs-profile,js5_rscache_read_raw,C:\Users\mrobe\Documents\git_repos\oldschool-clientc\src\js5\js5_rscache.c,17,0.016610,0.027738,8.052364,13.447024
torirs-profile,RSCache_Dat2DiskDat2FileReadArchive,C:\Users\mrobe\Documents\git_repos\oldschool-clientc\3rd\rscache\src\dat2disk.c,147,0.170912,0.285414,7.165767,11.966454
ntdll,RtlInitializeCriticalSection,[unknown],0,0.279219,0.466281,7.053276,11.778600
ntdll,RtlReAllocateHeap,[unknown],0,6.764371,11.296144,6.851296,11.441304
torirs-profile,Task_CS2Run_Run,C:\Users\mrobe\Documents\git_repos\oldschool-clientc\src\game\task_cs2_run.c,962,0.067296,0.112381,5.252520,8.771432
msvcrt,free,[unknown],0,0.165942,0.277114,4.921249,8.218227
torirs-profile,__udivmoddi4,R:\winlibs_staging_msvcrt32\gcc-15.2.0\build_mingw\i686-w64-mingw32\libgcc\..\..\..\libgcc\libgcc2.c,996,0.336835,0.562497,4.882845,8.154094
torirs-profile,Task_GameProtoExec_Run,C:\Users\mrobe\Documents\git_repos\oldschool-clientc\src\game\task_gameproto_exec.c,146,0.000000,0.000000,4.649745,7.764830
msvcrt,fread,[unknown],0,0.008787,0.014674,4.615552,7.707729
msvcrt,malloc,[unknown],0,0.039048,0.065208,4.517722,7.544358
msvcrt,fputws,[unknown],0,0.472521,0.789085,4.511042,7.533203
torirs-profile,raster_gouraudhsllightness_screen_opaque_bary_branching_s4_ordered,C:\Users\mrobe\Documents\git_repos\oldschool-clientc\3rd\toridraw\graphics\raster\gouraudhsllightness\gouraudhsllightness.screen.opaque.bary.branching.s4.c,158,4.322511,7.218366,4.322511,7.218366
msvcrt,filbuf,[unknown],0,0.056686,0.094663,4.035591,6.739225
msvcrt,calloc,[unknown],0,0.042940,0.071708,3.977631,6.642435
msvcrt,memset,[unknown],0,3.955341,6.605211,3.955341,6.605211
msvcrt,read,[unknown],0,0.030262,0.050536,3.940814,6.580952
msvcrt,putch,[unknown],0,0.020501,0.034236,3.552179,5.931952
torirs-profile,PlatformSDL2_SetWindowSize,C:\Users\mrobe\Documents\git_repos\oldschool-clientc\src\platform\platform_win32gdi.c,809,0.004883,0.008154,3.402344,5.681735
torirs-profile,UITree_EmitWalk,C:\Users\mrobe\Documents\git_repos\oldschool-clientc\src\ui\uitree_emit.c,2788,0.001952,0.003260,3.382158,5.648026
torirs-profile,Task_OpenSubRefresh_Run,C:\Users\mrobe\Documents\git_repos\oldschool-clientc\src\<artificial>,11246,0.010718,0.017898,3.206369,5.354468
torirs-profile,RSCache_ArchiveDecryptDecompress,C:\Users\mrobe\Documents\git_repos\oldschool-clientc\3rd\rscache\src\archive.c,157,0.055676,0.092976,3.188208,5.324140
torirs-profile,Task_InterfaceOpen_Run,C:\Users\mrobe\Documents\git_repos\oldschool-clientc\src\engine\uitree_builder\task_interface_open.c,518,0.000000,0.000000,3.166337,5.287616
torirs-profile,load_cache_item_dat2,C:\Users\mrobe\Documents\git_repos\oldschool-clientc\src\platform\platform_x_io.c,557,0.014625,0.024423,3.096858,5.171590
torirs-profile,cs2vm2_run_script_body_timed,C:\Users\mrobe\Documents\git_repos\oldschool-clientc\src\cs2vm2\cs2vm2.c,12033,0.000000,0.000000,3.063692,5.116204
torirs-profile,emit_walk_node,C:\Users\mrobe\Documents\git_repos\oldschool-clientc\src\ui\uitree_emit.c,2012,0.533146,0.890326,2.842008,4.746004
torirs-profile,RSCache_CompressionBzipDecompress,C:\Users\mrobe\Documents\git_repos\oldschool-clientc\3rd\rscache\src\compression.c,164,0.615221,1.027387,2.704919,4.517072
torirs-profile,Task_WorldLoad_Run,C:\Users\mrobe\Documents\git_repos\oldschool-clientc\src\engine\world_builder\task_world_load.c,203,0.005806,0.009696,2.421949,4.044527
torirs-profile,app_host_request,C:\Users\mrobe\Documents\git_repos\oldschool-clientc\src\app.c,5010,0.044974,0.075104,2.323486,3.880099
torirs-profile,UITree_Host,C:\Users\mrobe\Documents\git_repos\oldschool-clientc\src\ui\uitree_host.c,17,0.000000,0.000000,2.280496,3.808308
torirs-profile,plugin_dispatch,C:\Users\mrobe\Documents\git_repos\oldschool-clientc\src\plugin\torirs_plugin_host.c,380,0.004871,0.008134,2.175436,3.632864
torirs-profile,nxt_highlight_draw,C:\Users\mrobe\Documents\git_repos\oldschool-clientc\src\plugin\plugins\nxt_highlight.c,70,0.001953,0.003261,2.122594,3.544620
torirs-profile,app_plugin_highlight_next,C:\Users\mrobe\Documents\git_repos\oldschool-clientc\src\plugin\torirs_plugin_bridge.u.c,730,2.091341,3.492429,2.120641,3.541359
torirs-profile,cs2vm2_run_script_body,C:\Users\mrobe\Documents\git_repos\oldschool-clientc\src\cs2vm2\cs2vm2.c,11889,0.196136,0.327537,2.085625,3.482884
torirs-profile,get_next_block,C:\Users\mrobe\Documents\git_repos\oldschool-clientc\3rd\bzip\bzip.c,89,1.246029,2.080803,2.059407,3.439101
msvcrt,wscanf,[unknown],0,0.092749,0.154886,2.034597,3.397670
msvcrt,fsetpos,[unknown],0,0.014628,0.024428,1.847280,3.084860
torirs-profile,raster_texshadeblend_persp_textrans_branching_lerp8_v3_ordered,C:\Users\mrobe\Documents\git_repos\oldschool-clientc\3rd\toridraw\graphics\raster\texture\texshadeblend.persp.textrans.branching.lerp8_v3.u.c,35,0.128790,0.215073,1.779941,2.972408
torirs-profile,CS2VM2_RunOp,C:\Users\mrobe\Documents\git_repos\oldschool-clientc\src\<artificial>,10101,0.323991,0.541048,1.753788,2.928734
torirs-profile,draw_texture_scanline_transparent_blend_branching_lerp8_v3_ordered,C:\Users\mrobe\Documents\git_repos\oldschool-clientc\3rd\toridraw\graphics\raster\texture\span\tex.span.sse2.u.c,907,1.653103,2.760595,1.653103,2.760595
msvcrt,getenv,[unknown],0,0.021474,0.035860,1.624497,2.712825
msvcrt,lseeki64,[unknown],0,0.062491,0.104357,1.568015,2.618503
msvcrt,bsearch,[unknown],0,1.092209,1.823932,1.549313,2.587271
torirs-profile,Task_ExecNpcInfo_Run,C:\Users\mrobe\Documents\git_repos\oldschool-clientc\src\game\task_exec_entity_info.c,1584,0.000000,0.000000,1.467841,2.451217
torirs-profile,find_hovered_recursive,C:\Users\mrobe\Documents\git_repos\oldschool-clientc\src\ui\uitree_hover.c,81,0.137784,0.230092,1.326812,2.215706
msvcrt,lseek,[unknown],0,0.022480,0.037540,1.314149,2.194560
torirs-profile,ToriDraw_SceneElementApplyAnimation,C:\Users\mrobe\Documents\git_repos\oldschool-clientc\3rd\toridraw\toridraw_scene.c,280,0.715034,1.194069,1.201845,2.007018
torirs-profile,get_bits,C:\Users\mrobe\Documents\git_repos\oldschool-clientc\3rd\bzip\bzip.c,47,0.193351,0.322886,1.197868,2.000377
torirs-profile,Task_NpcMultiLoad_Run,C:\Users\mrobe\Documents\git_repos\oldschool-clientc\src\app.c,5838,0.000000,0.000000,1.112334,1.857539
torirs-profile,app_world_roof_check,C:\Users\mrobe\Documents\git_repos\oldschool-clientc\src\app.c,894,0.016607,0.027733,1.108182,1.850606
torirs-profile,RSCache_Dat2DiskIndexFileReadRecord,C:\Users\mrobe\Documents\git_repos\oldschool-clientc\3rd\rscache\src\dat2disk.c,555,0.001953,0.003261,1.099480,1.836074
torirs-profile,Task_AppBoot_Run,C:\Users\mrobe\Documents\git_repos\oldschool-clientc\src\app.c,10768,0.016602,0.027724,1.093841,1.826657
torirs-profile,ToriDraw2D_BlitArgb,C:\Users\mrobe\Documents\git_repos\oldschool-clientc\3rd\toridraw\toridraw_2d.c,329,0.638175,1.065719,1.087375,1.815859
torirs-profile,gdi_paint_latest,C:\Users\mrobe\Documents\git_repos\oldschool-clientc\src\platform\platform_win32gdi.c,238,0.000000,0.000000,1.074337,1.794086
torirs-profile,WorldBuilder_RebuildCenterzoneEnd,C:\Users\mrobe\Documents\git_repos\oldschool-clientc\src\engine\world_builder\world_builder.c,677,0.052741,0.088075,1.042987,1.741733
torirs-profile,RS_CS2Host_Exec,C:\Users\mrobe\Documents\git_repos\oldschool-clientc\src\game\rs_cs2_host.c,7460,0.032213,0.053794,1.013734,1.692882
torirs-profile,painter_cullmap_refresh_camera_key,C:\Users\mrobe\Documents\git_repos\oldschool-clientc\src\painters\painters.c,555,0.907863,1.516083,0.964504,1.610671
torirs-profile,RSCache_FileListNewFromDecode,C:\Users\mrobe\Documents\git_repos\oldschool-clientc\3rd\rscache\src\filelist.c,32,0.041065,0.068576,0.949221,1.585149
torirs-profile,UITree_LayoutSetRootSize,C:\Users\mrobe\Documents\git_repos\oldschool-clientc\src\ui\uitree_layout.c,16,0.817979,1.365982,0.922456,1.540453
torirs-profile,Task_Dat2ClientScriptLoad_Run,C:\Users\mrobe\Documents\git_repos\oldschool-clientc\src\engine\dat2\task_dat2_clientscript_load.c,25,0.000000,0.000000,0.906309,1.513488
torirs-profile,cs2_script_try_decode_footer,C:\Users\mrobe\Documents\git_repos\oldschool-clientc\3rd\rscache\src\datatypes\clientscript.c,120,0.004880,0.008149,0.901428,1.505337
torirs-profile,js5_active_read,C:\Users\mrobe\Documents\git_repos\oldschool-clientc\src\js5\js5.c,1909,0.000000,0.000000,0.893625,1.492307
torirs-profile,rs_cs2_host_exec_dispatch,C:\Users\mrobe\Documents\git_repos\oldschool-clientc\src\game\rs_cs2_host.c,7500,0.129842,0.216829,0.881934,1.472783
ntdll,wcsncpy,[unknown],0,0.727507,1.214898,0.879828,1.469266
torirs-profile,RSCache_ProfileZero,C:\Users\mrobe\Documents\git_repos\oldschool-clientc\3rd\rscache\src\rscache_profile.c,13,0.877718,1.465743,0.877718,1.465743
USER32,GetDC,[unknown],0,0.002938,0.004906,0.875490,1.462022
torirs-profile,executor_prepare_js5_cache,C:\Users\mrobe\Documents\git_repos\oldschool-clientc\src\main.c,2672,0.000000,0.000000,0.862800,1.440831
torirs-profile,Task_CS2Run_Free,C:\Users\mrobe\Documents\git_repos\oldschool-clientc\src\game\task_cs2_run.c,1377,0.005850,0.009769,0.851979,1.422760
torirs-profile,App_WorldDrainEntityRemoved,C:\Users\mrobe\Documents\git_repos\oldschool-clientc\src\app.c,21690,0.068555,0.114483,0.839497,1.401916
torirs-profile,app_update_world_viewport,C:\Users\mrobe\Documents\git_repos\oldschool-clientc\src\app.c,10669,0.014672,0.024501,0.804764,1.343914
USER32,SendInput,[unknown],0,0.000000,0.000000,0.804175,1.342930
torirs-profile,WorldBuilder_RebuildCenterzoneChunkScenery,C:\Users\mrobe\Documents\git_repos\oldschool-clientc\src\engine\world_builder\world_builder.c,372,0.004878,0.008146,0.799814,1.335647
USER32,DefWindowProcA,[unknown],0,0.000000,0.000000,0.795399,1.328274
USER32,SetWindowTextA,[unknown],0,0.000000,0.000000,0.791517,1.321792
USER32,GetParent,[unknown],0,0.000000,0.000000,0.791517,1.321792
torirs-profile,World_CycleRegisterPainterDynamics,C:\Users\mrobe\Documents\git_repos\oldschool-clientc\src\world\world_cycle.c,1533,0.707202,1.180990,0.783480,1.308370
torirs-profile,js5_process_registered_archive,C:\Users\mrobe\Documents\git_repos\oldschool-clientc\src\js5\js5.c,1118,0.009766,0.016309,0.777365,1.298159
torirs-profile,js5_response_finish,C:\Users\mrobe\Documents\git_repos\oldschool-clientc\src\js5\js5.c,1592,0.000000,0.000000,0.777365,1.298159
ntdll,KiUserCallbackDispatcher,[unknown],0,0.000000,0.000000,0.765194,1.277834
torirs-profile,Task_NpcMultiResolve_Run,C:\Users\mrobe\Documents\git_repos\oldschool-clientc\src\app.c,5743,0.000000,0.000000,0.749046,1.250867
torirs-profile,RSCache_Dat2DiskArchiveNewLoadRaw,C:\Users\mrobe\Documents\git_repos\oldschool-clientc\3rd\rscache\src\dat2disk.c,1281,0.000000,0.000000,0.748079,1.249253
torirs-profile,js5_install_reference,C:\Users\mrobe\Documents\git_repos\oldschool-clientc\src\js5\js5.c,979,0.016608,0.027734,0.731470,1.221516
torirs-profile,Task_Dat2NpcLoad_Run,C:\Users\mrobe\Documents\git_repos\oldschool-clientc\src\engine\dat2\task_dat2_npc_load.c,47,0.014638,0.024445,0.726576,1.213344
USER32,DefWindowProcW,[unknown],0,0.000000,0.000000,0.726150,1.212632
msvcrt,memcpy,[unknown],0,0.722682,1.206841,0.722682,1.206841
ntdll,RtlLeaveCriticalSection,[unknown],0,0.720632,1.203418,0.720632,1.203418
torirs-profile,ToriRS_FrameNextCommand,C:\Users\mrobe\Documents\git_repos\oldschool-clientc\src\render\torirs_frame.c,2238,0.575013,0.960241,0.700003,1.168968
torirs-profile,RSCache_ReferenceTableNewDecode,C:\Users\mrobe\Documents\git_repos\oldschool-clientc\3rd\rscache\src\reference_table.c,18,0.335422,0.560137,0.697581,1.164924
torirs-profile,ToriDraw_TriangleGouraud,C:\Users\mrobe\Documents\git_repos\oldschool-clientc\3rd\toridraw\triangles\toridraw_triangle_gouraud.u.c,37,0.679219,1.134260,0.679219,1.134260
torirs-profile,ToriDraw_NormalsNew,C:\Users\mrobe\Documents\git_repos\oldschool-clientc\3rd\toridraw\toridraw_model.c,328,0.021487,0.035882,0.669011,1.117213
torirs-profile,scenery_add,C:\Users\mrobe\Documents\git_repos\oldschool-clientc\src\engine\world_builder\world_scenery.u.c,1217,0.010734,0.017925,0.635731,1.061637
msvcrt,memmove,[unknown],0,0.622916,1.040237,0.622916,1.040237
torirs-profile,Task_UITreeBuild_Run,C:\Users\mrobe\Documents\git_repos\oldschool-clientc\src\engine\uitree_builder\task_uitree_build.c,112,0.000000,0.000000,0.564534,0.942742
torirs-profile,bridge_rasterize_obj_icon,C:\Users\mrobe\Documents\git_repos\oldschool-clientc\src\engine\uitree_scene_bridge.c,1032,0.000000,0.000000,0.559615,0.934528
ntdll,RtlEnterCriticalSection,[unknown],0,0.532064,0.888519,0.532064,0.888519
torirs-profile,Task_Dat2ModelLoad_Run,C:\Users\mrobe\Documents\git_repos\oldschool-clientc\src\engine\dat2\task_dat2_model_load.c,26,0.000000,0.000000,0.518623,0.866073
msvcrt,mbsnbicoll,[unknown],0,0.005855,0.009778,0.451256,0.753574
msvcrt,_crtCompareStringA,[unknown],0,0.028303,0.047265,0.439516,0.733969
msvcrt,flsbuf,[unknown],0,0.026377,0.044048,0.422737,0.705949
torirs-profile,UITreeSceneBridge_EnsureSprite,C:\Users\mrobe\Documents\git_repos\oldschool-clientc\src\engine\uitree_scene_bridge.c,254,0.000000,0.000000,0.414169,0.691640
msvcrt,write,[unknown],0,0.000000,0.000000,0.396360,0.661900
msvcrt,wsopen,[unknown],0,0.000000,0.000000,0.393414,0.656981
kernel32,WriteConsoleA,[unknown],0,0.000000,0.000000,0.393414,0.656981
kernel32,TerminateThread,[unknown],0,0.000000,0.000000,0.391467,0.653729
torirs-profile,net_process_packets,C:\Users\mrobe\Documents\git_repos\oldschool-clientc\src\net\net.c,383,0.000000,0.000000,0.382738,0.639152
torirs-profile,scenery_build_loc_model,C:\Users\mrobe\Documents\git_repos\oldschool-clientc\src\engine\world_builder\world_scenery.u.c,704,0.003907,0.006524,0.371063,0.619656
torirs-profile,UITree_PushBuildComponent,C:\Users\mrobe\Documents\git_repos\oldschool-clientc\src\ui\uitree_build.c,37,0.000000,0.000000,0.370194,0.618205
torirs-profile,heightmap_get_interpolated,C:\Users\mrobe\Documents\git_repos\oldschool-clientc\src\engine\world_builder\heightmap.c,169,0.202253,0.337752,0.367386,0.613515
torirs-profile,ToriDraw_ModelAnimateFrame,C:\Users\mrobe\Documents\git_repos\oldschool-clientc\3rd\toridraw\toridraw_model.c,764,0.023443,0.039149,0.365672,0.610653
torirs-profile,__umoddi3,R:\winlibs_staging_msvcrt32\gcc-15.2.0\build_mingw\i686-w64-mingw32\libgcc\..\..\..\libgcc\libgcc2.c,1287,0.352592,0.588810,0.352592,0.588810
torirs-profile,app_varp_change,C:\Users\mrobe\Documents\git_repos\oldschool-clientc\src\app.c,6156,0.010740,0.017935,0.345806,0.577478
torirs-profile,app_world_spawn_npc_now,C:\Users\mrobe\Documents\git_repos\oldschool-clientc\src\app.c,17231,0.000000,0.000000,0.340846,0.569195
torirs-profile,ToriDraw_AnimApplyTransform,C:\Users\mrobe\Documents\git_repos\oldschool-clientc\3rd\toridraw\toridraw_model.c,57,0.340277,0.568245,0.340277,0.568245
torirs-profile,CS2VM2_StrPool_Alloc,C:\Users\mrobe\Documents\git_repos\oldschool-clientc\src\cs2vm2\cs2vm2_strpool.c,115,0.014671,0.024500,0.338943,0.566017
torirs-profile,app_varp_refresh_loc_transforms,C:\Users\mrobe\Documents\git_repos\oldschool-clientc\src\app.c,6073,0.092789,0.154953,0.335066,0.559543
torirs-profile,RS_GameProto_Exec,C:\Users\mrobe\Documents\git_repos\oldschool-clientc\src\game\rs_gameproto_exec.c,668,0.012701,0.021210,0.328228,0.548123
torirs-profile,app_world_build_npc_model,C:\Users\mrobe\Documents\git_repos\oldschool-clientc\src\app.c,16883,0.000000,0.000000,0.326190,0.544720
torirs-profile,app_overlay_build_entity,C:\Users\mrobe\Documents\git_repos\oldschool-clientc\src\app.c,3702,0.000000,0.000000,0.325307,0.543246
torirs-profile,ToriDraw_ModelCopy,C:\Users\mrobe\Documents\git_repos\oldschool-clientc\3rd\toridraw\toridraw_model_transform.c,199,0.002925,0.004885,0.321312,0.536574
torirs-profile,Dat2GroupCache_Put,C:\Users\mrobe\Documents\git_repos\oldschool-clientc\src\engine\dat2\dat2_group_cache.c,165,0.000000,0.000000,0.320300,0.534884
msvcrt,realloc,[unknown],0,0.000000,0.000000,0.299867,0.500762
torirs-profile,ToriRS_SpriteFromDat2Archive,C:\Users\mrobe\Documents\git_repos\oldschool-clientc\src\engine\torirs_sprite_from_rscache.c,419,0.003911,0.006531,0.297991,0.497629
torirs-profile,Task_Dat2SpriteLoad_Run,C:\Users\mrobe\Documents\git_repos\oldschool-clientc\src\engine\dat2\task_dat2_sprite_load.c,26,0.000000,0.000000,0.297991,0.497629
ntdll,RtlAllocateHeap,[unknown],0,0.170859,0.285326,0.288984,0.482588
torirs-profile,font_measure_range,C:\Users\mrobe\Documents\git_repos\oldschool-clientc\3rd\toridraw\toridraw_font.c,561,0.064504,0.107718,0.279848,0.467331
torirs-profile,lighting_flat_face_normal,C:\Users\mrobe\Documents\git_repos\oldschool-clientc\3rd\toridraw\toridraw_lighting.c,18,0.276399,0.461572,0.276399,0.461572
torirs-profile,tinfl_decompress,C:\Users\mrobe\Documents\git_repos\oldschool-clientc\3rd\miniz\miniz.c,2438,0.275214,0.459593,0.275214,0.459593
torirs-profile,UITree_AccumScrollOffset,C:\Users\mrobe\Documents\git_repos\oldschool-clientc\src\ui\uitree_scroll.c,226,0.004897,0.008178,0.270415,0.451579
msvcrt,lock,[unknown],0,0.048848,0.081574,0.266619,0.445240
torirs-profile,RSCache_ModelNewCopy,C:\Users\mrobe\Documents\git_repos\oldschool-clientc\3rd\rscache\src\datatypes\model.c,3013,0.023441,0.039145,0.261764,0.437132
msvcrt,strerror,[unknown],0,0.261685,0.437000,0.261685,0.437000
torirs-profile,world_build_scene_terrain,C:\Users\mrobe\Documents\git_repos\oldschool-clientc\src\engine\world_builder\world_terrain.u.c,466,0.043941,0.073379,0.257807,0.430524
torirs-profile,App_ChromeRasterise,C:\Users\mrobe\Documents\git_repos\oldschool-clientc\src\app.c,6342,0.012668,0.021155,0.255598,0.426835
torirs-profile,alloc_normals_for_column,C:\Users\mrobe\Documents\git_repos\oldschool-clientc\src\<artificial>,387,0.003906,0.006523,0.253930,0.424050
torirs-profile,RSCache_Dat2DiskNewSparseFromDirectory,C:\Users\mrobe\Documents\git_repos\oldschool-clientc\3rd\rscache\src\dat2disk.c,1188,0.000000,0.000000,0.250016,0.417514
torirs-profile,ToriDraw_Init,C:\Users\mrobe\Documents\git_repos\oldschool-clientc\3rd\toridraw\toridraw.c,642,0.080095,0.133754,0.248075,0.414272
torirs-profile,ToriDraw_ModelFromToriRS,C:\Users\mrobe\Documents\git_repos\oldschool-clientc\src\engine\toridraw_model_from_torirs.c,131,0.002929,0.004891,0.242151,0.404379
msvcrt,fflush,[unknown],0,0.000000,0.000000,0.233296,0.389592
d3d9,[5AD72B1B],,0,0.000000,0.000000,0.232774,0.388720
torirs-profile,CS2VM2_PushStr,C:\Users\mrobe\Documents\git_repos\oldschool-clientc\src\cs2vm2\cs2vm2.c,950,0.078134,0.130480,0.229531,0.383305
torirs-profile,dat2_archive_clone,C:\Users\mrobe\Documents\git_repos\oldschool-clientc\src\platform\platform_x_io.c,187,0.000000,0.000000,0.222776,0.372024
torirs-profile,Task_PackAssetsLoad_Run,C:\Users\mrobe\Documents\git_repos\oldschool-clientc\src\engine\uitree_builder\task_pack_assets_load.c,108,0.000000,0.000000,0.214924,0.358912
torirs-profile,Task_Dat2SoundscapeLoad_Run,C:\Users\mrobe\Documents\git_repos\oldschool-clientc\src\engine\dat2\task_dat2_soundscape_load.c,74,0.000000,0.000000,0.211907,0.353874
torirs-profile,Task_Dat2SoundLoad_Run,C:\Users\mrobe\Documents\git_repos\oldschool-clientc\src\engine\dat2\task_dat2_sound_load.c,49,0.000000,0.000000,0.208978,0.348982
torirs-profile,open_resolve_sprite,C:\Users\mrobe\Documents\git_repos\oldschool-clientc\src\engine\uitree_builder\task_interface_open.c,105,0.000000,0.000000,0.205093,0.342495
torirs-profile,ToriRS_SoundFromRSCache,C:\Users\mrobe\Documents\git_repos\oldschool-clientc\src\engine\torirs_sound_from_rscache.c,12,0.007816,0.013052,0.196281,0.327779
torirs-profile,RSCache_SoundEffectRender,C:\Users\mrobe\Documents\git_repos\oldschool-clientc\3rd\rscache\src\datatypes\sound_render.c,512,0.113276,0.189165,0.186508,0.311459
msvcrt,fsopen,[unknown],0,0.000000,0.000000,0.186310,0.311128
msvcrt,fopen,[unknown],0,0.000000,0.000000,0.186310,0.311128
torirs-profile,packet_chat_filter_settings_v4_out,C:\Users\mrobe\Documents\git_repos\oldschool-clientc\3rd\rsprot\packets\chat_filter_settings.c,41,0.025376,0.042377,0.182552,0.304852
torirs-profile,ToriDraw_ApplyLighting,C:\Users\mrobe\Documents\git_repos\oldschool-clientc\3rd\toridraw\toridraw_lighting.c,248,0.179673,0.300044,0.179673,0.300044
msvcrt,fputc,[unknown],0,0.000000,0.000000,0.177703,0.296755
torirs-profile,UITree_Push,C:\Users\mrobe\Documents\git_repos\oldschool-clientc\src\ui\uitree.c,1942,0.004880,0.008149,0.176837,0.295308
torirs-profile,app_world_pick_finish,C:\Users\mrobe\Documents\git_repos\oldschool-clientc\src\app.c,15821,0.175904,0.293750,0.175904,0.293750
torirs-profile,map_mouse,C:\Users\mrobe\Documents\git_repos\oldschool-clientc\src\platform\platform_win32gdi.c,181,0.004871,0.008134,0.175557,0.293171
torirs-profile,app_client_trigger_script,C:\Users\mrobe\Documents\git_repos\oldschool-clientc\src\app.c,3965,0.003906,0.006523,0.173830,0.290287
torirs-profile,Task_CS2StatTransmitDispatch_Run,C:\Users\mrobe\Documents\git_repos\oldschool-clientc\src\game\task_cs2_run.c,2083,0.000000,0.000000,0.172886,0.288711
msvcrt,mktemp,[unknown],0,0.000000,0.000000,0.167761,0.280152
msvcrt,sopen,[unknown],0,0.000000,0.000000,0.167761,0.280152
torirs-profile,rs_cs2_overlay_attach_layer,C:\Users\mrobe\Documents\git_repos\oldschool-clientc\src\game\rs_entity_overlay.c,172,0.032212,0.053792,0.166880,0.278681
kernel32,CreateFileA,[unknown],0,0.000000,0.000000,0.165813,0.276899
torirs-profile,font_parse_hex_rgb,C:\Users\mrobe\Documents\git_repos\oldschool-clientc\3rd\toridraw\toridraw_font.c,129,0.027519,0.045955,0.160600,0.268194
torirs-profile,Task_InvIconReconcile_Run,C:\Users\mrobe\Documents\git_repos\oldschool-clientc\src\app.c,5346,0.000000,0.000000,0.157230,0.262566
torirs-profile,bridge_ensure_obj_icon,C:\Users\mrobe\Documents\git_repos\oldschool-clientc\src\engine\uitree_scene_bridge.c,1165,0.000000,0.000000,0.157230,0.262566
kernel32,MultiByteToWideChar,[unknown],0,0.155217,0.259204,0.157171,0.262467
torirs-profile,App_WorldLoadFinish,C:\Users\mrobe\Documents\git_repos\oldschool-clientc\src\app.c,10130,0.000000,0.000000,0.154293,0.257661
d3d9,[5AD7289B],,0,0.000000,0.000000,0.152742,0.255071
ntdll,strchr,[unknown],0,0.152320,0.254366,0.152320,0.254366
torirs-profile,sockstream_poll_connect,C:\Users\mrobe\Documents\git_repos\oldschool-clientc\src\platform\sockstream.c,93,0.031244,0.052176,0.151372,0.252783
torirs-profile,raster_flat_screen_opaque_branching_s4_ordered,C:\Users\mrobe\Documents\git_repos\oldschool-clientc\3rd\toridraw\graphics\raster\flat\flat.screen.opaque.branching.s4.c,126,0.146456,0.244574,0.146456,0.244574
torirs-profile,tileind_init,C:\Users\mrobe\Documents\git_repos\oldschool-clientc\src\<artificial>,105,0.143799,0.240137,0.143799,0.240137
torirs-profile,Task_Dat2ComponentPackLoad_Run,C:\Users\mrobe\Documents\git_repos\oldschool-clientc\src\engine\dat2\task_dat2_component_pack_load.c,25,0.001952,0.003260,0.143569,0.239753
torirs-profile,Task_Dat2LocLoad_Run,C:\Users\mrobe\Documents\git_repos\oldschool-clientc\src\engine\dat2\task_dat2_loc_load.c,32,0.032235,0.053831,0.141702,0.236635
USER32,DrawTextExW,[unknown],0,0.032229,0.053821,0.141473,0.236252
ntdll,KiFastSystemCall,[unknown],0,0.140593,0.234783,0.140593,0.234783
ntdll,tan,[unknown],0,0.139584,0.233098,0.139584,0.233098
torirs-profile,Task_UIBuilderAssetsLoad_Run,C:\Users\mrobe\Documents\git_repos\oldschool-clientc\src\engine\uitree_builder\task_uibuilder_assets_load.c,66,0.000000,0.000000,0.131874,0.220223
torirs-profile,torirs_model_move_from_rscache,C:\Users\mrobe\Documents\git_repos\oldschool-clientc\src\engine\torirs_model_from_rscache.c,194,0.023437,0.039139,0.131857,0.220194
torirs-profile,Task_Dat2DbRowLoad_Run,C:\Users\mrobe\Documents\git_repos\oldschool-clientc\src\engine\dat2\task_dat2_dbrow_load.c,38,0.000000,0.000000,0.130878,0.218559
torirs-profile,Task_Dat2ObjLoad_Run,C:\Users\mrobe\Documents\git_repos\oldschool-clientc\src\engine\dat2\task_dat2_obj_load.c,74,0.006830,0.011406,0.127993,0.213742
torirs-profile,ToriDraw_SceneGraphShutdown,C:\Users\mrobe\Documents\git_repos\oldschool-clientc\3rd\toridraw\toridraw_scene.c,428,0.003904,0.006519,0.127922,0.213623
torirs-profile,ToriDraw_ModelCaptureOriginalVertices,C:\Users\mrobe\Documents\git_repos\oldschool-clientc\3rd\toridraw\toridraw_model.c,650,0.004883,0.008154,0.124018,0.207104
d3d9,[5AD75FF1],,0,0.000000,0.000000,0.123846,0.206816
torirs-profile,World_TerrainElementAt,C:\Users\mrobe\Documents\git_repos\oldschool-clientc\src\world\world.c,610,0.123033,0.205459,0.123033,0.205459
torirs-profile,Task_ExecPlayerInfo_Run,C:\Users\mrobe\Documents\git_repos\oldschool-clientc\src\game\task_exec_entity_info.c,860,0.010739,0.017934,0.122130,0.203951
torirs-profile,RSCache_Dat2SpritePackNewDecode,C:\Users\mrobe\Documents\git_repos\oldschool-clientc\3rd\rscache\src\datatypes\dat2_sprites.c,37,0.014629,0.024430,0.122087,0.203879
kernel32,GetEnvironmentVariableA,[unknown],0,0.119253,0.199146,0.119253,0.199146
torirs-profile,UITree_ApplyModel,C:\Users\mrobe\Documents\git_repos\oldschool-clientc\src\ui\uitree.c,3567,0.000000,0.000000,0.119167,0.199003
torirs-profile,tcp_poll,C:\Users\mrobe\Documents\git_repos\oldschool-clientc\src\platform\net_transport_tcp.c,28,0.002928,0.004890,0.118112,0.197241
d3d9,[5AD760C5],,0,0.000000,0.000000,0.116075,0.193839
torirs-profile,app_world_build_model,C:\Users\mrobe\Documents\git_repos\oldschool-clientc\src\app.c,16778,0.000000,0.000000,0.115244,0.192451
torirs-profile,js5_sockstream_read,C:\Users\mrobe\Documents\git_repos\oldschool-clientc\src\js5\js5.c,472,0.001952,0.003260,0.113333,0.189260
WS2_32,recv,[unknown],0,0.000000,0.000000,0.113332,0.189258
d3d9,[5AD76242],,0,0.000000,0.000000,0.111193,0.185686
torirs-profile,read_triggers,C:\Users\mrobe\Documents\git_repos\oldschool-clientc\3rd\rscache\src\datatypes\dat2_component.c,82,0.000000,0.000000,0.109381,0.182661
torirs-profile,pack_resolve_font,C:\Users\mrobe\Documents\git_repos\oldschool-clientc\src\<artificial>,320,0.104477,0.174471,0.104477,0.174471
torirs-profile,merge_column,C:\Users\mrobe\Documents\git_repos\oldschool-clientc\src\engine\world_builder\world_sharelight.u.c,428,0.077131,0.128805,0.103495,0.172831
torirs-profile,scenery_add_wall_single,C:\Users\mrobe\Documents\git_repos\oldschool-clientc\src\engine\world_builder\world_scenery.u.c,1245,0.001955,0.003265,0.100611,0.168015
torirs-profile,pack_get_component,C:\Users\mrobe\Documents\git_repos\oldschool-clientc\src\engine\uitree_from_component.c,289,0.100560,0.167930,0.100560,0.167930
torirs-profile,load_file_item,C:\Users\mrobe\Documents\git_repos\oldschool-clientc\src\platform\platform_x_io.c,457,0.000000,0.000000,0.100503,0.167835
torirs-profile,Task_Dat1ModelLoad_Run,C:\Users\mrobe\Documents\git_repos\oldschool-clientc\src\engine\dat1\task_dat1_model_load.c,26,0.024403,0.040752,0.098533,0.164545
torirs-profile,hmap_hash_bytes,C:\Users\mrobe\Documents\git_repos\oldschool-clientc\3rd\hmap\hmap.h,234,0.096732,0.161537,0.096732,0.161537
torirs-profile,torirs_bones_new,C:\Users\mrobe\Documents\git_repos\oldschool-clientc\src\engine\torirs_model_from_rscache.c,74,0.000000,0.000000,0.091819,0.153333
torirs-profile,UITree_ClearChildren,C:\Users\mrobe\Documents\git_repos\oldschool-clientc\src\ui\uitree.c,2260,0.004865,0.008124,0.091795,0.153293
torirs-profile,PlatformWin32Timing_NowMs,C:\Users\mrobe\Documents\git_repos\oldschool-clientc\src\platform\platform_win32_timing.c,112,0.023420,0.039110,0.091760,0.153234
torirs-profile,UITree_FindByComponentId,C:\Users\mrobe\Documents\git_repos\oldschool-clientc\src\ui\uitree.c,1741,0.084957,0.141874,0.087886,0.146765
torirs-profile,osrs239_parse,C:\Users\mrobe\Documents\git_repos\oldschool-clientc\src\net\rev\osrs239\osrs239_parse.c,484,0.059566,0.099472,0.084958,0.141875
torirs-profile,Task_Dat2SequenceLoad_Run,C:\Users\mrobe\Documents\git_repos\oldschool-clientc\src\engine\dat2\task_dat2_sequence_load.c,291,0.005859,0.009784,0.084946,0.141855
kernel32,IsBadReadPtr,[unknown],0,0.000000,0.000000,0.084915,0.141804
d3d9,[5AD754F1],,0,0.000000,0.000000,0.084401,0.140945
torirs-profile,World_EntityPoolAlloc,C:\Users\mrobe\Documents\git_repos\oldschool-clientc\src\world\entity_pool.c,78,0.000000,0.000000,0.084017,0.140304
torirs-profile,uitree_builder_bake_pack_under_owner,C:\Users\mrobe\Documents\git_repos\oldschool-clientc\src\engine\uitree_builder\uitree_builder_bake.c,411,0.000000,0.000000,0.084006,0.140286
d3d9,[5AD75ECA],,0,0.000000,0.000000,0.082449,0.137685
d3d9,[5AD72753],,0,0.000000,0.000000,0.081482,0.136071
msvcrt,get_osfhandle,[unknown],0,0.080085,0.133738,0.080085,0.133738
torirs-profile,[05C80650],,0,0.000000,0.000000,0.080032,0.133649
torirs-profile,bmp_write_file,C:\Users\mrobe\Documents\git_repos\oldschool-clientc\3rd\bmp\bmp.c,11,0.031250,0.052186,0.078125,0.130465
torirs-profile,push_builtin_op,C:\Users\mrobe\Documents\git_repos\oldschool-clientc\src\engine\uitree_builder\uitree_builder_bake.c,581,0.000000,0.000000,0.077150,0.128836
ntdll,RtlFreeHeap,[unknown],0,0.042826,0.071517,0.076967,0.128531
torirs-profile,world_dyn_register_npcs,C:\Users\mrobe\Documents\git_repos\oldschool-clientc\src\world\world_cycle.c,1483,0.042973,0.071763,0.076278,0.127380
d3d9,[5AD7464D],,0,0.000000,0.000000,0.076076,0.127043
d3d9,[5AD7501A],,0,0.000000,0.000000,0.073232,0.122294
torirs-profile,World_EntityFace,C:\Users\mrobe\Documents\git_repos\oldschool-clientc\src\world\world_cycle.c,395,0.003909,0.006528,0.073229,0.122289
d3d9,[5AD72C9F],,0,0.000000,0.000000,0.073224,0.122280
torirs-profile,app,[unknown],0,0.000000,0.000000,0.072263,0.120675
msvcrt,memcmp,[unknown],0,0.071370,0.119184,0.071370,0.119184
torirs-profile,World_StepEntityAnimation,C:\Users\mrobe\Documents\git_repos\oldschool-clientc\src\world\world_cycle.c,735,0.000000,0.000000,0.071273,0.119022
d3d9,[5AD7406B],,0,0.000000,0.000000,0.071260,0.119000
msvcrt,setlocale,[unknown],0,0.070297,0.117392,0.070297,0.117392
torirs-profile,emit_hoist_entity_overlays,C:\Users\mrobe\Documents\git_repos\oldschool-clientc\src\ui\uitree_emit.c,2740,0.047832,0.079877,0.070285,0.117372
torirs-profile,UITree_CcCreate,C:\Users\mrobe\Documents\git_repos\oldschool-clientc\src\ui\uitree.c,2418,0.009735,0.016257,0.069335,0.115786
d3d9,[5AD75E45],,0,0.000000,0.000000,0.069320,0.115761
torirs-profile,Js5ClientFree,C:\Users\mrobe\Documents\git_repos\oldschool-clientc\src\js5\js5.c,633,0.007821,0.013061,0.068347,0.114136
torirs-profile,exec_db,C:\Users\mrobe\Documents\git_repos\oldschool-clientc\src\game\rs_cs2_host.c,6602,0.001953,0.003261,0.066407,0.110896
[unknown module],[0020E9F0],,0,0.000000,0.000000,0.066405,0.110893
torirs-profile,[044AA0A8],,0,0.000000,0.000000,0.066405,0.110893
torirs-profile,RSCache_Dat2DiskFree,C:\Users\mrobe\Documents\git_repos\oldschool-clientc\3rd\rscache\src\dat2disk.c,1254,0.007797,0.013021,0.066404,0.110891
torirs-profile,Task_Dat2VarpLoad_Run,C:\Users\mrobe\Documents\git_repos\oldschool-clientc\src\engine\dat2\task_dat2_varp_load.c,136,0.029294,0.048919,0.066401,0.110886
torirs-profile,Task_Dat2MapTerrainLoad_Run,C:\Users\mrobe\Documents\git_repos\oldschool-clientc\src\engine\dat2\task_dat2_map_load.c,72,0.009795,0.016357,0.065434,0.109271
torirs-profile,app_sync_textures,C:\Users\mrobe\Documents\git_repos\oldschool-clientc\src\app.c,5556,0.024388,0.040727,0.065410,0.109231
torirs-profile,Task_CS2VarTransmitDispatch_Run,C:\Users\mrobe\Documents\git_repos\oldschool-clientc\src\game\task_cs2_run.c,1844,0.000000,0.000000,0.065410,0.109231
kernel32,CompareStringW,[unknown],0,0.014675,0.024506,0.064499,0.107710
torirs-profile,rs_cs2_runtime_hook_slot,C:\Users\mrobe\Documents\git_repos\oldschool-clientc\src\game\rs_cs2_host.c,6009,0.000000,0.000000,0.064455,0.107636
torirs-profile,revconfig_load_fields_from_ini_prefixed,C:\Users\mrobe\Documents\git_repos\oldschool-clientc\src\revconfig\revconfig_load.c,495,0.001948,0.003253,0.061522,0.102739
torirs-profile,Task_Dat2VarbitLoad_Run,C:\Users\mrobe\Documents\git_repos\oldschool-clientc\src\engine\dat2\task_dat2_varbit_load.c,111,0.009762,0.016302,0.060548,0.101112
torirs-profile,Task_Dat2ParamLoad_Run,C:\Users\mrobe\Documents\git_repos\oldschool-clientc\src\engine\dat2\task_dat2_param_load.c,29,0.002932,0.004896,0.060544,0.101105
torirs-profile,ToriDraw_MapSearch,C:\Users\mrobe\Documents\git_repos\oldschool-clientc\3rd\toridraw\toridraw_map.c,252,0.007819,0.013057,0.059604,0.099536
d3d9,[5AD75F14],,0,0.000000,0.000000,0.059585,0.099504
torirs-profile,World_EntityPoolGrow,C:\Users\mrobe\Documents\git_repos\oldschool-clientc\src\world\entity_pool.c,12,0.000000,0.000000,0.058623,0.097897
USER32,CallNextHookEx,[unknown],0,0.032209,0.053787,0.057592,0.096176
torirs-profile,decode_columns,C:\Users\mrobe\Documents\git_repos\oldschool-clientc\3rd\rscache\src\datatypes\dat2_config_db.c,86,0.001952,0.003260,0.056642,0.094589
torirs-profile,bridge_ensure_debug_font_at,C:\Users\mrobe\Documents\git_repos\oldschool-clientc\src\engine\uitree_scene_bridge.c,391,0.015635,0.026110,0.056640,0.094586
USER32,DispatchMessageA,[unknown],0,0.000000,0.000000,0.055668,0.092963
torirs-profile,UITree_MenuOptionsSet,C:\Users\mrobe\Documents\git_repos\oldschool-clientc\src\ui\uitree_component_options.c,45,0.000000,0.000000,0.053723,0.089715
torirs-profile,__divdi3,R:\winlibs_staging_msvcrt32\gcc-15.2.0\build_mingw\i686-w64-mingw32\libgcc\..\..\..\libgcc\libgcc2.c,1212,0.053669,0.089624,0.053669,0.089624
torirs-profile,font_draw_style_rules,C:\Users\mrobe\Documents\git_repos\oldschool-clientc\3rd\toridraw\toridraw_font.c,1064,0.052785,0.088148,0.052785,0.088148
torirs-profile,raster_texshadeblend_persp_texopaque_branching_lerp8_v3_ordered,C:\Users\mrobe\Documents\git_repos\oldschool-clientc\3rd\toridraw\graphics\raster\texture\texshadeblend.persp.texopaque.branching.lerp8_v3.u.c,35,0.003888,0.006493,0.052693,0.087995
kernel32,GetVersionExW,[unknown],0,0.051771,0.086455,0.051771,0.086455
torirs-profile,World_SceneryRegister,C:\Users\mrobe\Documents\git_repos\oldschool-clientc\src\world\world.c,1307,0.000000,0.000000,0.050805,0.084842
torirs-profile,__moddi3,R:\winlibs_staging_msvcrt32\gcc-15.2.0\build_mingw\i686-w64-mingw32\libgcc\..\..\..\libgcc\libgcc2.c,1236,0.049806,0.083173,0.049806,0.083173
kernel32,SetFilePointer,[unknown],0,0.049790,0.083147,0.049790,0.083147
torirs-profile,draw_texture_scanline_opaque_blend_branching_lerp8_v3_ordered,C:\Users\mrobe\Documents\git_repos\oldschool-clientc\3rd\toridraw\graphics\raster\texture\span\tex.span.sse2.u.c,709,0.048805,0.081502,0.048805,0.081502
USER32,UserLpkPSMTextOut,[unknown],0,0.000000,0.000000,0.047849,0.079905
torirs-profile,decode_version2__osrs_extended,C:\Users\mrobe\Documents\git_repos\oldschool-clientc\3rd\rscache\src\datatypes\model.c,1147,0.005861,0.009788,0.046886,0.078297
torirs-profile,world_builder_free_transient_maps,C:\Users\mrobe\Documents\git_repos\oldschool-clientc\src\engine\world_builder\world_builder.c,87,0.019538,0.032627,0.046882,0.078290
torirs-profile,ToriDraw_ModelRecolor,C:\Users\mrobe\Documents\git_repos\oldschool-clientc\3rd\toridraw\toridraw_model_transform.c,656,0.045902,0.076654,0.045902,0.076654
torirs-profile,Task_PluginBoot_Run,C:\Users\mrobe\Documents\git_repos\oldschool-clientc\src\plugin\task_plugin_io.c,202,0.013679,0.022843,0.045901,0.076652
torirs-profile,RSCache_ProfileForIdentity,C:\Users\mrobe\Documents\git_repos\oldschool-clientc\3rd\rscache\src\revisions\revisions.c,83,0.001951,0.003258,0.045890,0.076634
torirs-profile,exec_entity_overlay,C:\Users\mrobe\Documents\git_repos\oldschool-clientc\src\game\rs_cs2_host.c,85,0.000000,0.000000,0.043951,0.073396
torirs-profile,ToriDraw_ModelSetBoundsCylinder,C:\Users\mrobe\Documents\git_repos\oldschool-clientc\3rd\toridraw\toridraw_model_transform.c,811,0.041013,0.068490,0.043942,0.073381
torirs-profile,RSCache_ProfileDat1Lc254,C:\Users\mrobe\Documents\git_repos\oldschool-clientc\3rd\rscache\src\revisions\rev_dat1_lc254.c,18,0.043939,0.073376,0.043939,0.073376
ntdll,NtQueryPerformanceCounter,[unknown],0,0.039035,0.065186,0.043913,0.073332
torirs-profile,raster_texshadeflat_persp_textrans_branching_lerp8_ordered,C:\Users\mrobe\Documents\git_repos\oldschool-clientc\3rd\toridraw\graphics\raster\texture\texshadeflat.persp.textrans.branching.lerp8.u.c,33,0.001952,0.003260,0.043016,0.071834
torirs-profile,UITree_HookSet,C:\Users\mrobe\Documents\git_repos\oldschool-clientc\src\ui\uitree_hook.c,153,0.016610,0.027738,0.042990,0.071791
torirs-profile,db_push_value,C:\Users\mrobe\Documents\git_repos\oldschool-clientc\src\game\rs_cs2_host.c,6540,0.000000,0.000000,0.042988,0.071788
torirs-profile,UITree_LayerChildClip,C:\Users\mrobe\Documents\git_repos\oldschool-clientc\src\ui\uitree_scroll.c,9,0.042973,0.071763,0.042973,0.071763
torirs-profile,raster_texshadeflat_persp_texopaque_branching_lerp8_ordered,C:\Users\mrobe\Documents\git_repos\oldschool-clientc\3rd\toridraw\graphics\raster\texture\texshadeflat.persp.texopaque.branching.lerp8.u.c,33,0.041064,0.068575,0.041064,0.068575
torirs-profile,UITree_EntityOverlayCreateLayer,C:\Users\mrobe\Documents\git_repos\oldschool-clientc\src\ui\uitree.c,2509,0.000000,0.000000,0.041021,0.068503
torirs-profile,Task_Dat2DbTableIndexLoad_Run,C:\Users\mrobe\Documents\git_repos\oldschool-clientc\src\engine\dat2\task_dat2_dbindex_load.c,40,0.000000,0.000000,0.041020,0.068501
USER32,SetWindowRgn,[unknown],0,0.000000,0.000000,0.041013,0.068490
torirs-profile,app_seq_frame_duration,C:\Users\mrobe\Documents\git_repos\oldschool-clientc\src\app.c,8860,0.021495,0.035896,0.041008,0.068481
torirs-profile,app_mapfunction_scene_id,C:\Users\mrobe\Documents\git_repos\oldschool-clientc\src\app.c,1052,0.004936,0.008243,0.040351,0.067384
torirs-profile,rs_cs2_acquire_var_transmit_hook,C:\Users\mrobe\Documents\git_repos\oldschool-clientc\src\game\rs_cs2_host.c,5167,0.010745,0.017944,0.040047,0.066876
kernel32,ReadFile,[unknown],0,0.040032,0.066851,0.040032,0.066851
torirs-profile,app_entity_model_height,C:\Users\mrobe\Documents\git_repos\oldschool-clientc\src\app.c,2223,0.038192,0.063779,0.038192,0.063779
torirs-profile,ToriDraw_ModelCalculateVertexNormals,C:\Users\mrobe\Documents\git_repos\oldschool-clientc\3rd\toridraw\toridraw_model.c,591,0.000000,0.000000,0.038078,0.063588
torirs-profile,RS_CS2Host_ClearHooksForInterfaceGroup,C:\Users\mrobe\Documents\git_repos\oldschool-clientc\src\game\rs_cs2_host.c,5714,0.000000,0.000000,0.037121,0.061990
torirs-profile,decode_optional_pair,C:\Users\mrobe\Documents\git_repos\oldschool-clientc\3rd\rscache\src\datatypes\sound_synth.c,144,0.000000,0.000000,0.037107,0.061967
kernel32,CreateFileW,[unknown],0,0.005847,0.009764,0.036099,0.060283
kernel32,Sleep,[unknown],0,0.000000,0.000000,0.035142,0.058685
USER32,MoveWindow,[unknown],0,0.000000,0.000000,0.035132,0.058669
d3d9,[5AD76168],,0,0.000000,0.000000,0.035132,0.058669
torirs-profile,RSCache_BufferReadParams,C:\Users\mrobe\Documents\git_repos\oldschool-clientc\3rd\rscache\src\rsbuffer.c,796,0.002927,0.004888,0.035128,0.058662
d3d9,[5AD72E11],,0,0.000000,0.000000,0.035117,0.058644
torirs-profile,ToriDraw_TriangleFlat,C:\Users\mrobe\Documents\git_repos\oldschool-clientc\3rd\toridraw\triangles\toridraw_triangle_flat.u.c,34,0.035093,0.058603,0.035093,0.058603
torirs-profile,RSCache_ModelBonesNewDecode,C:\Users\mrobe\Documents\git_repos\oldschool-clientc\3rd\rscache\src\datatypes\model.c,50,0.002930,0.004893,0.034194,0.057102
torirs-profile,world_dyn_register_mover,C:\Users\mrobe\Documents\git_repos\oldschool-clientc\src\world\world_cycle.c,1421,0.027401,0.045758,0.033305,0.055618
USER32,GetWindowLongW,[unknown],0,0.000000,0.000000,0.033196,0.055436
torirs-profile,Task_Dat2MapSceneryLoad_Run,C:\Users\mrobe\Documents\git_repos\oldschool-clientc\src\engine\dat2\task_dat2_map_load.c,161,0.028370,0.047376,0.032276,0.053899
torirs-profile,PluginHost_Start,C:\Users\mrobe\Documents\git_repos\oldschool-clientc\src\plugin\torirs_plugin_host.c,3543,0.000000,0.000000,0.032222,0.053809
USER32,ScrollWindowEx,[unknown],0,0.000000,0.000000,0.032209,0.053787
USER32,UnhookWinEvent,[unknown],0,0.000000,0.000000,0.032209,0.053787
WS2_32,[74731331],,0,0.000000,0.000000,0.032209,0.053787
torirs-profile,UITree_ComponentIsPassThrough,C:\Users\mrobe\Documents\git_repos\oldschool-clientc\src\ui\uitree_input.c,84,0.031292,0.052256,0.031292,0.052256
torirs-profile,apply_and_free_column,C:\Users\mrobe\Documents\git_repos\oldschool-clientc\src\engine\world_builder\world_sharelight.u.c,548,0.001955,0.003265,0.031254,0.052193
torirs-profile,js5_sockstream_open,C:\Users\mrobe\Documents\git_repos\oldschool-clientc\src\js5\js5.c,448,0.015621,0.026086,0.031251,0.052188
torirs-profile,CS2VM2_StrPool_Reset,C:\Users\mrobe\Documents\git_repos\oldschool-clientc\src\cs2vm2\cs2vm2_strpool.c,43,0.003905,0.006521,0.031249,0.052184
torirs-profile,__udivdi3,R:\winlibs_staging_msvcrt32\gcc-15.2.0\build_mingw\i686-w64-mingw32\libgcc\..\..\..\libgcc\libgcc2.c,1299,0.031246,0.052179,0.031246,0.052179
d3d9,[5AD77CE8],,0,0.000000,0.000000,0.030284,0.050573
d3d9,[5AD77C0B],,0,0.000000,0.000000,0.030284,0.050573
d3d9,[5AD77BD6],,0,0.000000,0.000000,0.030284,0.050573
d3d9,[5AD77D8E],,0,0.000000,0.000000,0.030284,0.050573
d3d9,[5AD72FB4],,0,0.000000,0.000000,0.030280,0.050566
d3d9,[5AD75086],,0,0.000000,0.000000,0.030280,0.050566
d3d9,[5AD72F1D],,0,0.000000,0.000000,0.030280,0.050566
torirs-profile,ToriRSChrome_PanelAdd,C:\Users\mrobe\Documents\git_repos\oldschool-clientc\src\ui\uitree_debug_overlay.c,1344,0.030270,0.050549,0.030270,0.050549
ntdll,RtlDosPathNameToNtPathName_U,[unknown],0,0.000000,0.000000,0.030252,0.050519
torirs-profile,CS2VM2_StrPool_Dup,C:\Users\mrobe\Documents\git_repos\oldschool-clientc\src\cs2vm2\cs2vm2_strpool.c,159,0.001952,0.003260,0.030240,0.050499
msvcrt,strcmp,[unknown],0,0.029304,0.048936,0.029304,0.048936
d3d9,[5AD75D7F],,0,0.000000,0.000000,0.029291,0.048914
kernel32,QueryPerformanceCounter,[unknown],0,0.024412,0.040767,0.029290,0.048913
torirs-profile,dat2_clientscript_id_by_name_hash,C:\Users\mrobe\Documents\git_repos\oldschool-clientc\src\engine\dat2\task_dat2_clientscript_table_load.c,110,0.000000,0.000000,0.029274,0.048886
torirs-profile,Task_PluginAssetRead_Run,C:\Users\mrobe\Documents\git_repos\oldschool-clientc\src\plugin\task_plugin_io.c,385,0.000000,0.000000,0.029270,0.048879
torirs-profile,scenery_debug_record,C:\Users\mrobe\Documents\git_repos\oldschool-clientc\src\engine\world_builder\world_scenery.u.c,612,0.028321,0.047295,0.028321,0.047295
torirs-profile,osrs239_new,C:\Users\mrobe\Documents\git_repos\oldschool-clientc\src\net\loginproto_osrs239.c,326,0.028321,0.047295,0.028321,0.047295
torirs-profile,connect_login,C:\Users\mrobe\Documents\git_repos\oldschool-clientc\src\net\net.c,145,0.000000,0.000000,0.028321,0.047295
torirs-profile,app_seq_frame_count,C:\Users\mrobe\Documents\git_repos\oldschool-clientc\src\app.c,8850,0.000000,0.000000,0.028312,0.047280
ntdll,RtlDetermineDosPathNameType_U,[unknown],0,0.026363,0.044025,0.028307,0.047271
USER32,PeekMessageA,[unknown],0,0.000000,0.000000,0.028290,0.047243
torirs-profile,Task_Dat2HitsplatLoad_Run,C:\Users\mrobe\Documents\git_repos\oldschool-clientc\src\engine\dat2\task_dat2_hitsplat_load.c,44,0.001986,0.003317,0.027352,0.045676
torirs-profile,VarPManager_SetVarpOptimistic,C:\Users\mrobe\Documents\git_repos\oldschool-clientc\src\varp\varp_manager.c,523,0.000000,0.000000,0.026374,0.044043
torirs-profile,varp_decode_group,C:\Users\mrobe\Documents\git_repos\oldschool-clientc\src\engine\dat2\task_dat2_varp_load.c,107,0.001954,0.003263,0.026368,0.044033
kernel32,MulDiv,[unknown],0,0.026354,0.044010,0.026354,0.044010
d3d9,[5AD75D93],,0,0.000000,0.000000,0.026354,0.044010
torirs-profile,emit_plugin_canvas_pass,C:\Users\mrobe\Documents\git_repos\oldschool-clientc\src\ui\uitree_emit.c,2633,0.000000,0.000000,0.025401,0.042418
torirs-profile,is_on_draw_canvas,C:\Users\mrobe\Documents\git_repos\oldschool-clientc\src\plugin\plugins\item_stats.c,2644,0.000000,0.000000,0.025401,0.042418
torirs-profile,api_asset_load,C:\Users\mrobe\Documents\git_repos\oldschool-clientc\src\plugin\torirs_plugin_host.c,1895,0.000000,0.000000,0.025401,0.042418
torirs-profile,wnd_proc,C:\Users\mrobe\Documents\git_repos\oldschool-clientc\src\platform\platform_win32gdi.c,384,0.000000,0.000000,0.025398,0.042413
torirs-profile,ToriDraw_TrigSinFromShared,C:\Users\mrobe\Documents\git_repos\oldschool-clientc\3rd\toridraw\graphics\projection.u.c,275,0.025396,0.042410,0.025396,0.042410
torirs-profile,revconfig_items_build,C:\Users\mrobe\Documents\git_repos\oldschool-clientc\src\revconfig\revconfig.c,1972,0.025391,0.042402,0.025391,0.042402
torirs-profile,td_scene_allocate_element_id,C:\Users\mrobe\Documents\git_repos\oldschool-clientc\3rd\toridraw\toridraw_scene.c,303,0.000000,0.000000,0.025388,0.042397
ntdll,RtlNtStatusToDosErrorNoTeb,[unknown],0,0.024426,0.040790,0.024426,0.040790
ntdll,RtlNtStatusToDosError,[unknown],0,0.000000,0.000000,0.024426,0.040790
torirs-profile,CS2VM2_Op_ClientOp,C:\Users\mrobe\Documents\git_repos\oldschool-clientc\src\cs2vm2\cs2vm2.c,8355,0.022460,0.037507,0.024423,0.040785
WS2_32,[7473FF02],,0,0.000000,0.000000,0.024415,0.040772
torirs-profile,UITree_ComponentOrAncestorHidden,C:\Users\mrobe\Documents\git_repos\oldschool-clientc\src\ui\uitree.c,4497,0.016583,0.027693,0.024394,0.040737
msvcrt,strncmp,[unknown],0,0.023463,0.039182,0.023463,0.039182
torirs-profile,app_plugin_asset_read,C:\Users\mrobe\Documents\git_repos\oldschool-clientc\src\app.c,19810,0.012694,0.021198,0.023450,0.039160
torirs-profile,world_builder_resolve_loc_for_place,C:\Users\mrobe\Documents\git_repos\oldschool-clientc\src\engine\world_builder\world_scenery.u.c,49,0.023439,0.039142,0.023439,0.039142
torirs-profile,hmap_eq_bytes,C:\Users\mrobe\Documents\git_repos\oldschool-clientc\3rd\hmap\hmap.h,254,0.023423,0.039115,0.023423,0.039115
torirs-profile,packet_rebuild_normal_v2_v3_out,C:\Users\mrobe\Documents\git_repos\oldschool-clientc\3rd\rsprot\packets\rebuild_normal_v2.c,35,0.022461,0.037509,0.022461,0.037509
torirs-profile,zone_run,C:\Users\mrobe\Documents\git_repos\oldschool-clientc\src\net\exec\pkt_exec.c,677,0.000000,0.000000,0.022461,0.037509
torirs-profile,World_UpdateMoverMovementAndAnimation,C:\Users\mrobe\Documents\git_repos\oldschool-clientc\src\world\world_cycle.c,136,0.022459,0.037505,0.022459,0.037505
torirs-profile,osrs230_parse,C:\Users\mrobe\Documents\git_repos\oldschool-clientc\src\net\rev\osrs230\osrs230_parse.c,59,0.022455,0.037499,0.022455,0.037499
ntdll,ZwSetInformationFile,[unknown],0,0.022446,0.037484,0.022446,0.037484
torirs-profile,World_EntityPoolInit,C:\Users\mrobe\Documents\git_repos\oldschool-clientc\src\world\entity_pool.c,43,0.021491,0.035889,0.021491,0.035889
torirs-profile,tileind_draw,C:\Users\mrobe\Documents\git_repos\oldschool-clientc\src\<artificial>,29,0.000000,0.000000,0.020609,0.034416
torirs-profile,VarPManager_SetVarbitOptimistic,C:\Users\mrobe\Documents\git_repos\oldschool-clientc\src\varp\varp_manager.c,542,0.019533,0.032619,0.019533,0.032619
torirs-profile,osrs239_player_info_read,C:\Users\mrobe\Documents\git_repos\oldschool-clientc\src\net\rev\osrs239\osrs239_entity_info.c,1202,0.000000,0.000000,0.019524,0.032604
msvcrt,strlen,[unknown],0,0.019507,0.032576,0.019507,0.032576
ntdll,RtlLookupAtomInAtomTable,[unknown],0,0.000000,0.000000,0.018900,0.031562
torirs-profile,revconfig_parse_int,C:\Users\mrobe\Documents\git_repos\oldschool-clientc\src\revconfig\revconfig.c,670,0.017578,0.029354,0.017578,0.029354
torirs-profile,UITreeSceneBridge_EnsureChromeSkin,C:\Users\mrobe\Documents\git_repos\oldschool-clientc\src\engine\uitree_scene_bridge.c,475,0.000000,0.000000,0.017573,0.029346
torirs-profile,out_pending_flush,C:\Users\mrobe\Documents\git_repos\oldschool-clientc\src\platform\platform_socket.c,50,0.014640,0.024448,0.017520,0.029257
torirs-profile,app_minimenu_font_scene_id,C:\Users\mrobe\Documents\git_repos\oldschool-clientc\src\app.c,8666,0.015677,0.026180,0.015677,0.026180
torirs-profile,CacheProvider_InitEngineCaches,C:\Users\mrobe\Documents\git_repos\oldschool-clientc\src\engine\cache_provider.c,321,0.000000,0.000000,0.015637,0.026113
torirs-profile,cache_provider_hmap_new,C:\Users\mrobe\Documents\git_repos\oldschool-clientc\src\engine\cache_provider.c,244,0.000000,0.000000,0.015637,0.026113
torirs-profile,main_parse_argument_layer,C:\Users\mrobe\Documents\git_repos\oldschool-clientc\src\main.c,2834,0.015629,0.026100,0.015629,0.026100
torirs-profile,ini_reader_next,C:\Users\mrobe\Documents\git_repos\oldschool-clientc\3rd\ini\ini.c,48,0.015627,0.026096,0.015627,0.026096
torirs-profile,emit_chat,C:\Users\mrobe\Documents\git_repos\oldschool-clientc\src\ui\uitree_emit.c,1104,0.009765,0.016307,0.015622,0.026088
torirs-profile,render_nodes,C:\Users\mrobe\Documents\git_repos\oldschool-clientc\src\audio\torirs_midi_synth.c,1096,0.015619,0.026083,0.015619,0.026083
torirs-profile,smooth_fadexy,C:\Users\mrobe\Documents\git_repos\oldschool-clientc\3rd\rscache\src\datatypes\noise.c,48,0.015607,0.026063,0.015607,0.026063
torirs-profile,RSCache_MapTerrainFixup,C:\Users\mrobe\Documents\git_repos\oldschool-clientc\3rd\rscache\src\datatypes\maps.c,41,0.000000,0.000000,0.015607,0.026063
ntdll,NtReadFile,[unknown],0,0.013670,0.022828,0.013670,0.022828
torirs-profile,WorldBuilder_RebuildCenterzoneChunkTerrain,C:\Users\mrobe\Documents\git_repos\oldschool-clientc\src\engine\world_builder\world_terrain.u.c,382,0.001949,0.003255,0.013664,0.022818
torirs-profile,Task_Dat2TextureLoad_Run,C:\Users\mrobe\Documents\git_repos\oldschool-clientc\src\engine\dat2\task_dat2_texture_load.c,573,0.001941,0.003241,0.013654,0.022801
WS2_32,WSASetEvent,[unknown],0,0.000000,0.000000,0.013648,0.022791
torirs-profile,raster_gouraudhsllightness_screen_alpha_bary_branching_s4_ordered,C:\Users\mrobe\Documents\git_repos\oldschool-clientc\3rd\toridraw\graphics\raster\gouraudhsllightness\gouraudhsllightness.screen.alpha.bary.branching.s4.c,182,0.013636,0.022771,0.013636,0.022771
torirs-profile,UITreeSceneBridge_PublishTextures,C:\Users\mrobe\Documents\git_repos\oldschool-clientc\src\engine\uitree_scene_bridge.c,1467,0.000000,0.000000,0.012706,0.021218
torirs-profile,RSCache_SoundEffectNewDecode,C:\Users\mrobe\Documents\git_repos\oldschool-clientc\3rd\rscache\src\datatypes\sound_synth.c,361,0.001956,0.003266,0.012697,0.021203
torirs-profile,dat1_buildcache_sprite_ref_acquire,C:\Users\mrobe\Documents\git_repos\oldschool-clientc\src\engine\dat1\dat1_buildcache.c,1233,0.001943,0.003245,0.012695,0.021200
torirs-profile,api_image_load,C:\Users\mrobe\Documents\git_repos\oldschool-clientc\src\plugin\torirs_plugin_host.c,2752,0.000000,0.000000,0.012694,0.021198
d3d9,[5AD76485],,0,0.000000,0.000000,0.012683,0.021180
torirs-profile,RSCache_NoisePerlinNoise,C:\Users\mrobe\Documents\git_repos\oldschool-clientc\3rd\rscache\src\datatypes\noise.c,61,0.000000,0.000000,0.012673,0.021163
torirs-profile,ToriDraw2D_FillRect,C:\Users\mrobe\Documents\git_repos\oldschool-clientc\3rd\toridraw\toridraw_2d.c,135,0.011729,0.019587,0.011729,0.019587
torirs-profile,scenery_register_sharelight,C:\Users\mrobe\Documents\git_repos\oldschool-clientc\src\engine\world_builder\world_scenery.u.c,413,0.011720,0.019572,0.011720,0.019572
torirs-profile,world_terrain_apply_tile,C:\Users\mrobe\Documents\git_repos\oldschool-clientc\src\engine\world_builder\world_terrain.u.c,210,0.003899,0.006511,0.011715,0.019563
torirs-profile,Task_Dat2EnumLoad_Run,C:\Users\mrobe\Documents\git_repos\oldschool-clientc\src\engine\dat2\task_dat2_enum_load.c,32,0.000000,0.000000,0.011715,0.019563
WS2HELP,WahReferenceContextByHandle,[unknown],0,0.011699,0.019537,0.011699,0.019537
torirs-profile,UITree_RoleNode,C:\Users\mrobe\Documents\git_repos\oldschool-clientc\src\ui\uitree_role.c,303,0.001957,0.003268,0.010750,0.017952
torirs-profile,UITree_ApplyText,C:\Users\mrobe\Documents\git_repos\oldschool-clientc\src\ui\uitree.c,3022,0.002931,0.004895,0.010743,0.017940
torirs-profile,collect_nodes_recursive,C:\Users\mrobe\Documents\git_repos\oldschool-clientc\src\ui\uitree_input.c,508,0.010743,0.017940,0.010743,0.017940
torirs-profile,RS_Minimenu_Build,C:\Users\mrobe\Documents\git_repos\oldschool-clientc\src\game\rs_minimenu_build.c,950,0.000000,0.000000,0.010743,0.017940
torirs-profile,UITree_CollectNodesAt,C:\Users\mrobe\Documents\git_repos\oldschool-clientc\src\ui\uitree_input.c,650,0.000000,0.000000,0.010743,0.017940
torirs-profile,decode_effect,C:\Users\mrobe\Documents\git_repos\oldschool-clientc\3rd\rscache\src\datatypes\sound_synth.c,337,0.010741,0.017937,0.010741,0.017937
torirs-profile,RS_CS2Host_SetOption,C:\Users\mrobe\Documents\git_repos\oldschool-clientc\src\<artificial>,1666,0.010740,0.017935,0.010740,0.017935
torirs-profile,Task_Dat2StructLoad_Run,C:\Users\mrobe\Documents\git_repos\oldschool-clientc\src\engine\dat2\task_dat2_struct_load.c,30,0.000000,0.000000,0.010735,0.017927
[unknown module],[00060294],,0,0.000000,0.000000,0.010729,0.017917
torirs-profile,App_IfHideSet,C:\Users\mrobe\Documents\git_repos\oldschool-clientc\src\app.c,26649,0.003908,0.006526,0.009797,0.016360
torirs-profile,RS_PlayerStats_RecomputeCombatLevel,C:\Users\mrobe\Documents\git_repos\oldschool-clientc\src\game\rs_player_stats.c,77,0.009777,0.016327,0.009777,0.016327
torirs-profile,TorirsModelInstCache_CopyGet,C:\Users\mrobe\Documents\git_repos\oldschool-clientc\src\engine\torirs_model_inst_cache.c,142,0.002934,0.004900,0.009770,0.016315
torirs-profile,read_arguments,C:\Users\mrobe\Documents\git_repos\oldschool-clientc\3rd\rscache\src\datatypes\dat2_component.c,44,0.000000,0.000000,0.009754,0.016289
d3d9,[5AD75F70],,0,0.000000,0.000000,0.009747,0.016277
torirs-profile,app_plugin_draw_tile,C:\Users\mrobe\Documents\git_repos\oldschool-clientc\src\plugin\torirs_plugin_bridge.u.c,1854,0.000000,0.000000,0.008835,0.014754
torirs-profile,api_draw_tile,C:\Users\mrobe\Documents\git_repos\oldschool-clientc\src\plugin\torirs_plugin_host.c,2676,0.000000,0.000000,0.008835,0.014754
torirs-profile,dat2_buildcache_map_free,C:\Users\mrobe\Documents\git_repos\oldschool-clientc\src\engine\dat2\dat2_buildcache.c,148,0.000000,0.000000,0.008801,0.014697
torirs-profile,dat2_clientscript_name_cmp,C:\Users\mrobe\Documents\git_repos\oldschool-clientc\src\<artificial>,102,0.008787,0.014674,0.008787,0.014674
msvcrt,strncpy,[unknown],0,0.008779,0.014660,0.008779,0.014660
torirs-profile,[anon_2392ad],C:\Users\mrobe\Documents\git_repos\oldschool-clientc\src\game\rs_cs2_dispatch.c,109,0.005878,0.009816,0.007833,0.013081
torirs-profile,emit_buffer_append,C:\Users\mrobe\Documents\git_repos\oldschool-clientc\src\ui\uitree_emit.c,1881,0.007822,0.013062,0.007822,0.013062
kernel32,ReleaseMutex,[unknown],0,0.007819,0.013057,0.007819,0.013057
torirs-profile,uitree_sync_hook_sets,C:\Users\mrobe\Documents\git_repos\oldschool-clientc\src\ui\uitree.c,342,0.007818,0.013056,0.007818,0.013056
msvcrt,c_exit,[unknown],0,0.005857,0.009781,0.007811,0.013044
msvcrt,strdup,[unknown],0,0.000000,0.000000,0.007809,0.013041
torirs-profile,read_jstring,C:\Users\mrobe\Documents\git_repos\oldschool-clientc\3rd\rscache\src\datatypes\dat2_component.c,19,0.000000,0.000000,0.007804,0.013032
torirs-profile,blendmap_build,C:\Users\mrobe\Documents\git_repos\oldschool-clientc\src\engine\world_builder\blendmap.c,102,0.005856,0.009779,0.007798,0.013022
torirs-profile,PlatformWin32Timing_NowUs,C:\Users\mrobe\Documents\git_repos\oldschool-clientc\src\platform\platform_win32_timing.c,138,0.000000,0.000000,0.007789,0.013007
torirs-profile,app_world_height,C:\Users\mrobe\Documents\git_repos\oldschool-clientc\src\<artificial>,8804,0.007769,0.012974,0.007769,0.012974
ntdll,LdrInitializeThunk,[unknown],0,0.000000,0.000000,0.006867,0.011468
USER32,GetScrollInfo,[unknown],0,0.000000,0.000000,0.006838,0.011419
USER32,CreateWindowExA,[unknown],0,0.000000,0.000000,0.006838,0.011419
torirs-profile,app_overlay_outline_scenery,C:\Users\mrobe\Documents\git_repos\oldschool-clientc\src\app.c,3175,0.006836,0.011416,0.006836,0.011416
torirs-profile,uitree_reclaim_subtree,C:\Users\mrobe\Documents\git_repos\oldschool-clientc\src\ui\uitree.c,1329,0.001950,0.003256,0.006836,0.011416
kernel32,LoadLibraryExW,[unknown],0,0.000000,0.000000,0.006836,0.011416
USER32,AdjustWindowRect,[unknown],0,0.000000,0.000000,0.006835,0.011414
USER32,GetGUIThreadInfo,[unknown],0,0.000000,0.000000,0.006835,0.011414
msvcrt,qsort,[unknown],0,0.002918,0.004873,0.006828,0.011402
torirs-profile,UITree_GetLayoutWidth,C:\Users\mrobe\Documents\git_repos\oldschool-clientc\src\ui\uitree.c,1017,0.002928,0.004890,0.006826,0.011399
torirs-profile,revconfig_num_unary,C:\Users\mrobe\Documents\git_repos\oldschool-clientc\src\revconfig\revconfig.c,410,0.005886,0.009829,0.005886,0.009829
torirs-profile,revconfig_num_expr,C:\Users\mrobe\Documents\git_repos\oldschool-clientc\src\revconfig\revconfig.c,597,0.000000,0.000000,0.005886,0.009829
torirs-profile,api_cfg_color,C:\Users\mrobe\Documents\git_repos\oldschool-clientc\src\plugin\torirs_plugin_host.c,1420,0.000000,0.000000,0.005886,0.009829
torirs-profile,revconfig_num_shift,C:\Users\mrobe\Documents\git_repos\oldschool-clientc\src\revconfig\revconfig.c,508,0.000000,0.000000,0.005886,0.009829
torirs-profile,revconfig_num_mul,C:\Users\mrobe\Documents\git_repos\oldschool-clientc\src\revconfig\revconfig.c,435,0.000000,0.000000,0.005886,0.009829
torirs-profile,hmap_resize,C:\Users\mrobe\Documents\git_repos\oldschool-clientc\3rd\hmap\hmap.h,503,0.002934,0.004900,0.005868,0.009799
torirs-profile,scenery_element_position_init,C:\Users\mrobe\Documents\git_repos\oldschool-clientc\src\engine\world_builder\world_scenery.u.c,1173,0.002932,0.004896,0.005863,0.009791
torirs-profile,Task_StaticSpritesLoad_Run,C:\Users\mrobe\Documents\git_repos\oldschool-clientc\src\engine\uitree_builder\task_static_sprites_load.c,26,0.000000,0.000000,0.005863,0.009791
torirs-profile,RSCache_Dat2FramemapNewFromArchiveProfile,C:\Users\mrobe\Documents\git_repos\oldschool-clientc\3rd\rscache\src\datatypes\dat2_framemap.c,65,0.005859,0.009784,0.005859,0.009784
torirs-profile,uitree_child_key_added,C:\Users\mrobe\Documents\git_repos\oldschool-clientc\src\ui\uitree.c,666,0.005858,0.009783,0.005858,0.009783
torirs-profile,ToriDraw_TrigCosFromShared,C:\Users\mrobe\Documents\git_repos\oldschool-clientc\3rd\toridraw\graphics\projection.u.c,284,0.005858,0.009783,0.005858,0.009783
torirs-profile,Task_Dat2HealthbarLoad_Run,C:\Users\mrobe\Documents\git_repos\oldschool-clientc\src\engine\dat2\task_dat2_healthbar_load.c,46,0.000000,0.000000,0.005855,0.009778
torirs-profile,CS2VM2_PushCallScript,C:\Users\mrobe\Documents\git_repos\oldschool-clientc\src\cs2vm2\cs2vm2.c,11654,0.005853,0.009774,0.005853,0.009774
torirs-profile,ToriRS_MapTerrainFromRSCache,C:\Users\mrobe\Documents\git_repos\oldschool-clientc\src\engine\torirs_map_from_rscache.c,12,0.002923,0.004881,0.005849,0.009768
torirs-profile,palette_rgb_to_hsl24,C:\Users\mrobe\Documents\git_repos\oldschool-clientc\3rd\toridraw\osrs\palette.c,78,0.001942,0.003243,0.005846,0.009763
torirs-profile,app_local_player,C:\Users\mrobe\Documents\git_repos\oldschool-clientc\src\app.c,895,0.005844,0.009759,0.005844,0.009759
USER32,IsRectEmpty,[unknown],0,0.005843,0.009758,0.005843,0.009758
torirs-profile,idset_add,C:\Users\mrobe\Documents\git_repos\oldschool-clientc\src\engine\world_builder\task_world_load.c,40,0.005825,0.009727,0.005825,0.009727
torirs-profile,soft3d_execute_measured,C:\Users\mrobe\Documents\git_repos\oldschool-clientc\src\platform\platform_sdl2_renderer_soft3d.c,1390,0.005802,0.009689,0.005802,0.009689
d3d9,[5AD7355D],,0,0.005448,0.009098,0.005448,0.009098
d3d9,[5AD751D2],,0,0.000000,0.000000,0.005448,0.009098
msvcrt,unlock,[unknown],0,0.004894,0.008173,0.004894,0.008173
torirs-profile,uitree_component_free_owned,C:\Users\mrobe\Documents\git_repos\oldschool-clientc\src\ui\uitree.c,1275,0.002926,0.004886,0.004886,0.008159
ntdll,RtlValidateUnicodeString,[unknown],0,0.000000,0.000000,0.004883,0.008154
ntdll,LdrLoadDll,[unknown],0,0.000000,0.000000,0.004883,0.008154
torirs-profile,CacheProvider_SpriteGet,C:\Users\mrobe\Documents\git_repos\oldschool-clientc\src\engine\cache_provider.c,715,0.001953,0.003261,0.004882,0.008153
IMM32,CtfImmDispatchDefImeMessage,[unknown],0,0.000000,0.000000,0.004882,0.008153
USER32,IMPSetIMEA,[unknown],0,0.000000,0.000000,0.004882,0.008153
USER32,SetLayeredWindowAttributes,[unknown],0,0.000000,0.000000,0.004882,0.008153
IMM32,CtfImmIsTextFrameServiceDisabled,[unknown],0,0.000000,0.000000,0.004882,0.008153
torirs-profile,app_plugin_window_set_open,C:\Users\mrobe\Documents\git_repos\oldschool-clientc\src\plugin\torirs_plugin_panel.u.c,1306,0.004881,0.008151,0.004881,0.008151
USER32,SetProcessWindowStation,[unknown],0,0.000000,0.000000,0.004881,0.008151
torirs-profile,UITree_GetRelativeX,C:\Users\mrobe\Documents\git_repos\oldschool-clientc\src\ui\uitree.c,4098,0.000000,0.000000,0.004881,0.008151
torirs-profile,exec_client_option,C:\Users\mrobe\Documents\git_repos\oldschool-clientc\src\game\rs_cs2_host.c,2660,0.000000,0.000000,0.004880,0.008149
torirs-profile,App_IfEventsSet,C:\Users\mrobe\Documents\git_repos\oldschool-clientc\src\app.c,598,0.000000,0.000000,0.004879,0.008148
kernel32,OpenConsoleW,[unknown],0,0.001947,0.003251,0.004871,0.008134
torirs-profile,app_overlay_build_chat,C:\Users\mrobe\Documents\git_repos\oldschool-clientc\src\app.c,2398,0.003941,0.006581,0.003941,0.006581
ntdll,RtlIpv4StringToAddressW,[unknown],0,0.000000,0.000000,0.003938,0.006576
ntdll,RtlDeleteAce,[unknown],0,0.000000,0.000000,0.003938,0.006576
ntdll,RtlLookupElementGenericTable,[unknown],0,0.000000,0.000000,0.003938,0.006576
ntdll,KiUserApcDispatcher,[unknown],0,0.000000,0.000000,0.003938,0.006576
torirs-profile,App_WorldApplyNpcType,C:\Users\mrobe\Documents\git_repos\oldschool-clientc\src\app.c,27721,0.003932,0.006566,0.003932,0.006566
ntdll,RtlGetLastWin32Error,[unknown],0,0.003926,0.006556,0.003926,0.006556
torirs-profile,app_plugin_local_player,C:\Users\mrobe\Documents\git_repos\oldschool-clientc\src\plugin\torirs_plugin_bridge.u.c,785,0.000000,0.000000,0.003926,0.006556
ntdll,RtlAddAce,[unknown],0,0.000000,0.000000,0.003920,0.006546
USER32,GetClientRect,[unknown],0,0.003918,0.006543,0.003918,0.006543
msvcrt,perror,[unknown],0,0.003910,0.006529,0.003910,0.006529
torirs-profile,CacheProvider_ObjtypeGet,C:\Users\mrobe\Documents\git_repos\oldschool-clientc\src\engine\cache_provider.c,1726,0.000000,0.000000,0.003909,0.006528
torirs-profile,rs_cs2_acquire_stat_transmit_hook,C:\Users\mrobe\Documents\git_repos\oldschool-clientc\src\game\rs_cs2_host.c,5518,0.001954,0.003263,0.003907,0.006524
torirs-profile,RSCache_EntityOpsFreeInplace,C:\Users\mrobe\Documents\git_repos\oldschool-clientc\3rd\rscache\src\datatypes\dat2_entity_ops.c,17,0.000000,0.000000,0.003905,0.006521
torirs-profile,minimap_bake_tile,C:\Users\mrobe\Documents\git_repos\oldschool-clientc\src\engine\world_builder\minimap.c,690,0.003902,0.006516,0.003902,0.006516
torirs-profile,app_rebuild_world_map,C:\Users\mrobe\Documents\git_repos\oldschool-clientc\src\app.c,9064,0.000000,0.000000,0.003902,0.006516
kernel32,QueryPerformanceFrequency,[unknown],0,0.003901,0.006514,0.003901,0.006514
torirs-profile,PlayerModel_BuildFromAppearance,C:\Users\mrobe\Documents\git_repos\oldschool-clientc\src\engine\entity_model_build.c,201,0.000000,0.000000,0.003899,0.006511
d3d9,[5AD75F4B],,0,0.000000,0.000000,0.003897,0.006508
torirs-profile,Task_CS2SubChangeDispatch_Run,C:\Users\mrobe\Documents\git_repos\oldschool-clientc\src\game\task_cs2_run.c,2264,0.000000,0.000000,0.003896,0.006506
d3d9,[5AD7602C],,0,0.000000,0.000000,0.003895,0.006504
d3d9,[5AD74F58],,0,0.000000,0.000000,0.003895,0.006504
d3d9,[5AD75F42],,0,0.000000,0.000000,0.003892,0.006499
torirs-profile,RS_CS2_RegisterCacheTransmitHooks,C:\Users\mrobe\Documents\git_repos\oldschool-clientc\src\game\rs_cs2_host.c,5339,0.003892,0.006499,0.003892,0.006499
msvcrt,modf,[unknown],0,0.002946,0.004920,0.002946,0.004920
d3d9,[5AD7ACBD],,0,0.000000,0.000000,0.002938,0.004906
WS2_32,[7474021E],,0,0.002932,0.004896,0.002932,0.004896
torirs-profile,CreateTask_Dat2ClientScriptTableLoad,C:\Users\mrobe\Documents\git_repos\oldschool-clientc\src\<artificial>,70,0.002932,0.004896,0.002932,0.004896
torirs-profile,CmdBus_PushMouseMove,C:\Users\mrobe\Documents\git_repos\oldschool-clientc\src\cmd\cmdbus.c,194,0.002932,0.004896,0.002932,0.004896
torirs-profile,td_scene_maybe_grow_hmap,C:\Users\mrobe\Documents\git_repos\oldschool-clientc\3rd\toridraw\toridraw_scene.c,104,0.002931,0.004895,0.002931,0.004895
torirs-profile,seq_register_result,C:\Users\mrobe\Documents\git_repos\oldschool-clientc\src\engine\dat2\task_dat2_sequence_load.c,179,0.000000,0.000000,0.002930,0.004893
torirs-profile,Task_ObjModelLoad_Run,C:\Users\mrobe\Documents\git_repos\oldschool-clientc\src\engine\task_obj_model_load.c,276,0.000000,0.000000,0.002930,0.004893
torirs-profile,uibuilder_manifest_free,C:\Users\mrobe\Documents\git_repos\oldschool-clientc\src\engine\uitree_builder\uitree_builder_manifest.c,19,0.002929,0.004891,0.002929,0.004891
torirs-profile,js5_rscache_release_raw,C:\Users\mrobe\Documents\git_repos\oldschool-clientc\src\js5\js5_rscache.c,44,0.002929,0.004891,0.002929,0.004891
torirs-profile,collision_map_wall_apply,C:\Users\mrobe\Documents\git_repos\oldschool-clientc\src\engine\world_builder\collision_map.c,263,0.002929,0.004891,0.002929,0.004891
kernel32,LoadLibraryW,[unknown],0,0.000000,0.000000,0.002929,0.004891
kernel32,LoadLibraryA,[unknown],0,0.000000,0.000000,0.002929,0.004891
USER32,GetWindowThreadProcessId,[unknown],0,0.000000,0.000000,0.002929,0.004891
PSAPI,[77531354],,0,0.000000,0.000000,0.002929,0.004891
USER32,[88040554],,0,0.000000,0.000000,0.002929,0.004891
kernel32,CompareStringA,[unknown],0,0.000000,0.000000,0.002929,0.004891
kernel32,EnumSystemLocalesA,[unknown],0,0.000000,0.000000,0.002929,0.004891
torirs-profile,world_collision_apply_loc,C:\Users\mrobe\Documents\git_repos\oldschool-clientc\src\engine\world_builder\world_collision.u.c,44,0.000000,0.000000,0.002929,0.004891
kernel32,FlushViewOfFile,[unknown],0,0.000000,0.000000,0.002929,0.004891
kernel32,LoadLibraryExA,[unknown],0,0.000000,0.000000,0.002929,0.004891
ntdll,LdrFindResourceDirectory_U,[unknown],0,0.000000,0.000000,0.002929,0.004891
GDI32,SetBkMode,[unknown],0,0.002928,0.004890,0.002928,0.004890
d3d9,[5AD76150],,0,0.000000,0.000000,0.002928,0.004890
d3d9,[5AD76243],,0,0.002927,0.004888,0.002927,0.004888
WS2_32,WSAGetLastError,[unknown],0,0.002927,0.004888,0.002927,0.004888
torirs-profile,CreateTask_Dat2SpriteLoad,C:\Users\mrobe\Documents\git_repos\oldschool-clientc\src\engine\dat2\task_dat2_sprite_load.c,71,0.000000,0.000000,0.002927,0.004888
USER32,[D4040470],,0,0.000000,0.000000,0.002927,0.004888
torirs-profile,js5_mark_group_ready,C:\Users\mrobe\Documents\git_repos\oldschool-clientc\src\js5\js5.c,828,0.002926,0.004886,0.002926,0.004886
torirs-profile,[024B0000],,0,0.000000,0.000000,0.002926,0.004886
torirs-profile,app_loc_editor_refresh_labels,C:\Users\mrobe\Documents\git_repos\oldschool-clientc\src\app.c,6711,0.002925,0.004885,0.002925,0.004885
torirs-profile,[028E0001],,0,0.000000,0.000000,0.002925,0.004885
torirs-profile,UITreeSceneBridge_EnsureNpcHead,C:\Users\mrobe\Documents\git_repos\oldschool-clientc\src\engine\uitree_scene_bridge.c,838,0.000000,0.000000,0.002925,0.004885
kernel32,GetTickCount,[unknown],0,0.002924,0.004883,0.002924,0.004883
WS2_32,WSAStringToAddressA,[unknown],0,0.002923,0.004881,0.002923,0.004881
WS2_32,[7473D8E3],,0,0.000000,0.000000,0.002923,0.004881
WS2_32,[74728B2E],,0,0.000000,0.000000,0.002923,0.004881
WS2_32,[7473D5DE],,0,0.000000,0.000000,0.002923,0.004881
WS2_32,[74725921],,0,0.000000,0.000000,0.002923,0.004881
WS2_32,[7473CB30],,0,0.000000,0.000000,0.002923,0.004881
WS2_32,[7473CEC0],,0,0.000000,0.000000,0.002923,0.004881
ntdll,NtRequestWaitReplyPort,[unknown],0,0.002922,0.004880,0.002922,0.004880
torirs-profile,CreateTask_Dat2ModelLoad,C:\Users\mrobe\Documents\git_repos\oldschool-clientc\src\engine\dat2\task_dat2_model_load.c,78,0.000000,0.000000,0.002920,0.004876
d3d9,[5AD7275E],,0,0.002919,0.004875,0.002919,0.004875
USER32,[9E04052F],,0,0.000000,0.000000,0.002919,0.004875
WS2_32,send,[unknown],0,0.000000,0.000000,0.002880,0.004809
kernel32,InterlockedDecrement,[unknown],0,0.001977,0.003301,0.001977,0.003301
torirs-profile,app_send_if_button,C:\Users\mrobe\Documents\git_repos\oldschool-clientc\src\app.c,26680,0.000000,0.000000,0.001970,0.003290
d3d9,[5AD73CB1],,0,0.001964,0.003280,0.001964,0.003280
d3d9,[5AD74FDA],,0,0.001964,0.003280,0.001964,0.003280
d3d9,[5AD75007],,0,0.000000,0.000000,0.001964,0.003280
d3d9,[5AD73D1A],,0,0.000000,0.000000,0.001964,0.003280
d3d9,[5AD74FB8],,0,0.000000,0.000000,0.001964,0.003280
torirs-profile,app_plugin_hover_tile,C:\Users\mrobe\Documents\git_repos\oldschool-clientc\src\plugin\torirs_plugin_bridge.u.c,923,0.001962,0.003276,0.001962,0.003276
d3d9,[5AD8C299],,0,0.001962,0.003276,0.001962,0.003276
torirs-profile,UITreeNodeSet_Add,C:\Users\mrobe\Documents\git_repos\oldschool-clientc\src\ui\uitree.c,100,0.001962,0.003276,0.001962,0.003276
torirs-profile,api_cfg_int,C:\Users\mrobe\Documents\git_repos\oldschool-clientc\src\plugin\torirs_plugin_host.c,1406,0.001961,0.003275,0.001961,0.003275
torirs-profile,UITree_ApplyScrollSize,C:\Users\mrobe\Documents\git_repos\oldschool-clientc\src\ui\uitree.c,3352,0.001961,0.003275,0.001961,0.003275
ntdll,RtlIdentifierAuthoritySid,[unknown],0,0.000000,0.000000,0.001961,0.003275
torirs-profile,rs_cs2_yield_if_group_missing,C:\Users\mrobe\Documents\git_repos\oldschool-clientc\src\game\rs_cs2_host.c,216,0.000000,0.000000,0.001960,0.003273
torirs-profile,UITree_CcDeleteAll,C:\Users\mrobe\Documents\git_repos\oldschool-clientc\src\ui\uitree.c,2725,0.000000,0.000000,0.001960,0.003273
torirs-profile,Task_WorldLoad_Free,C:\Users\mrobe\Documents\git_repos\oldschool-clientc\src\engine\world_builder\task_world_load.c,423,0.000000,0.000000,0.001957,0.003268
torirs-profile,Task_PrefsLoad_Run,C:\Users\mrobe\Documents\git_repos\oldschool-clientc\src\game\task_prefs_io.c,40,0.001956,0.003266,0.001956,0.003266
torirs-profile,ToriDraw_SceneBatchEnd,C:\Users\mrobe\Documents\git_repos\oldschool-clientc\3rd\toridraw\toridraw_scene.c,1904,0.001956,0.003266,0.001956,0.003266
torirs-profile,UITreeSceneBridge_EnsureFont,C:\Users\mrobe\Documents\git_repos\oldschool-clientc\src\engine\uitree_scene_bridge.c,336,0.000000,0.000000,0.001956,0.003266
torirs-profile,App_RefreshAfterTreeMutation,C:\Users\mrobe\Documents\git_repos\oldschool-clientc\src\app.c,28024,0.000000,0.000000,0.001956,0.003266
torirs-profile,zone_player_level,C:\Users\mrobe\Documents\git_repos\oldschool-clientc\src\game\rs_gameproto_exec.c,194,0.000000,0.000000,0.001956,0.003266
torirs-profile,exec_zone_sub_packet,C:\Users\mrobe\Documents\git_repos\oldschool-clientc\src\game\rs_gameproto_exec.c,399,0.000000,0.000000,0.001956,0.003266
kernel32,IsBadStringPtrW,[unknown],0,0.001955,0.003265,0.001955,0.003265
torirs-profile,scene_occluders_column_hidden,C:\Users\mrobe\Documents\git_repos\oldschool-clientc\src\painters\scene_occluders.c,652,0.001955,0.003265,0.001955,0.003265
torirs-profile,packet_midi_song_v2_v14_out,C:\Users\mrobe\Documents\git_repos\oldschool-clientc\3rd\rsprot\packets\midi_song_v2.c,160,0.001955,0.003265,0.001955,0.003265
d3d9,[5AD8C783],,0,0.000000,0.000000,0.001955,0.003265
USER32,IsWindow,[unknown],0,0.000000,0.000000,0.001955,0.003265
torirs-profile,bridge_midi_song,C:\Users\mrobe\Documents\git_repos\oldschool-clientc\src\net\rev\rsprot_bridge.c,470,0.000000,0.000000,0.001955,0.003265
torirs-profile,uitree_id_index_put,C:\Users\mrobe\Documents\git_repos\oldschool-clientc\src\ui\uitree.c,1572,0.001954,0.003263,0.001954,0.003263
kernel32,TlsGetValue,[unknown],0,0.001954,0.003263,0.001954,0.003263
torirs-profile,scene_occluders_wall_hidden,C:\Users\mrobe\Documents\git_repos\oldschool-clientc\src\painters\scene_occluders.c,523,0.001954,0.003263,0.001954,0.003263
torirs-profile,World_MoverHeldByAnim,C:\Users\mrobe\Documents\git_repos\oldschool-clientc\src\world\world_cycle.c,100,0.001954,0.003263,0.001954,0.003263
torirs-profile,build_login_block,C:\Users\mrobe\Documents\git_repos\oldschool-clientc\src\net\loginproto_osrs239.c,177,0.000000,0.000000,0.001954,0.003263
torirs-profile,osrs239_poll,C:\Users\mrobe\Documents\git_repos\oldschool-clientc\src\net\loginproto_osrs239.c,543,0.000000,0.000000,0.001954,0.003263
USER32,[AA04052F],,0,0.000000,0.000000,0.001954,0.003263
ntdll,RtlMultiAppendUnicodeStringBuffer,[unknown],0,0.000000,0.000000,0.001954,0.003263
torirs-profile,Task_AppCS1Eval_Run,C:\Users\mrobe\Documents\git_repos\oldschool-clientc\src\app.c,5480,0.000000,0.000000,0.001954,0.003263
ntdll,RtlDosSearchPath_U,[unknown],0,0.000000,0.000000,0.001954,0.003263
ntdll,RtlGetActiveActivationContext,[unknown],0,0.000000,0.000000,0.001954,0.003263
torirs-profile,app_world_spawn_player_now,C:\Users\mrobe\Documents\git_repos\oldschool-clientc\src\app.c,17019,0.000000,0.000000,0.001954,0.003263
GDI32,CreateCompatibleDC,[unknown],0,0.001953,0.003261,0.001953,0.003261
torirs-profile,varp_install,C:\Users\mrobe\Documents\git_repos\oldschool-clientc\src\engine\dat2\task_dat2_varp_load.c,118,0.000000,0.000000,0.001953,0.003261
ntdll,LdrGetDllHandle,[unknown],0,0.000000,0.000000,0.001953,0.003261
ntdll,LdrGetDllHandleEx,[unknown],0,0.000000,0.000000,0.001953,0.003261
IMM32,ImmLoadLayout,[unknown],0,0.000000,0.000000,0.001953,0.003261
torirs-profile,exec_minimenu,C:\Users\mrobe\Documents\git_repos\oldschool-clientc\src\game\rs_cs2_host.c,2533,0.000000,0.000000,0.001953,0.003261
IMM32,ImmPenAuxInput,[unknown],0,0.000000,0.000000,0.001953,0.003261
VERSION,GetFileVersionInfoW,[unknown],0,0.000000,0.000000,0.001953,0.003261
torirs-profile,Task_CS2MiscTransmitDispatch_Run,C:\Users\mrobe\Documents\git_repos\oldschool-clientc\src\game\task_cs2_run.c,2382,0.000000,0.000000,0.001953,0.003261
d3d9,[5AD75E84],,0,0.000000,0.000000,0.001953,0.003261
GDI32,CreateRectRgn,[unknown],0,0.000000,0.000000,0.001953,0.003261
torirs-profile,packet_update_zone_full_follows_v19_out,C:\Users\mrobe\Documents\git_repos\oldschool-clientc\3rd\rsprot\packets\update_zone_full_follows.c,179,0.001952,0.003260,0.001952,0.003260
torirs-profile,torirs_copy_script_hook,C:\Users\mrobe\Documents\git_repos\oldschool-clientc\src\engine\torirs_component_from_rscache.c,178,0.001952,0.003260,0.001952,0.003260
torirs-profile,UITree_BakePackRuntimeHooks,C:\Users\mrobe\Documents\git_repos\oldschool-clientc\src\engine\uitree_from_component.c,77,0.001952,0.003260,0.001952,0.003260
torirs-profile,bridge_update_zone_full_follows,C:\Users\mrobe\Documents\git_repos\oldschool-clientc\src\net\rev\rsprot_bridge.c,420,0.000000,0.000000,0.001952,0.003260
d3d9,[5AD76438],,0,0.000000,0.000000,0.001952,0.003260
GDI32,DeleteDC,[unknown],0,0.000000,0.000000,0.001952,0.003260
torirs-profile,RSCache_MapLocsNewDecode,C:\Users\mrobe\Documents\git_repos\oldschool-clientc\3rd\rscache\src\datatypes\maps.c,727,0.000000,0.000000,0.001952,0.003260
d3d9,[5AD76159],,0,0.000000,0.000000,0.001952,0.003260
torirs-profile,Task_Dat2FlotypeLoad_Run,C:\Users\mrobe\Documents\git_repos\oldschool-clientc\src\engine\dat2\task_dat2_flotype_load.c,26,0.000000,0.000000,0.001952,0.003260
torirs-profile,packet_if_setevents_v2_v9_out,C:\Users\mrobe\Documents\git_repos\oldschool-clientc\3rd\rsprot\packets\if_setevents_v2.c,105,0.001951,0.003258,0.001951,0.003258
torirs-profile,bridge_if_setevents,C:\Users\mrobe\Documents\git_repos\oldschool-clientc\src\net\rev\rsprot_bridge.c,400,0.000000,0.000000,0.001951,0.003258
ntdll,NtDeviceIoControlFile,[unknown],0,0.001950,0.003256,0.001950,0.003256
torirs-profile,App_OpenRootInterface,C:\Users\mrobe\Documents\git_repos\oldschool-clientc\src\app.c,11154,0.000000,0.000000,0.001950,0.003256
kernel32,InterlockedExchangeAdd,[unknown],0,0.001949,0.003255,0.001949,0.003255
torirs-profile,PluginHost_Register,C:\Users\mrobe\Documents\git_repos\oldschool-clientc\src\plugin\torirs_plugin_host.c,3450,0.001949,0.003255,0.001949,0.003255
torirs-profile,World_PlayerGetByServerPid,C:\Users\mrobe\Documents\git_repos\oldschool-clientc\src\world\world.c,1381,0.001949,0.003255,0.001949,0.003255
USER32,ReleaseCapture,[unknown],0,0.000000,0.000000,0.001949,0.003255
torirs-profile,Task_Dat2FontLoad_Run,C:\Users\mrobe\Documents\git_repos\oldschool-clientc\src\engine\dat2\task_dat2_font_load.c,27,0.000000,0.000000,0.001949,0.003255
GDI32,GetObjectType,[unknown],0,0.000000,0.000000,0.001949,0.003255
USER32,DrawIconEx,[unknown],0,0.000000,0.000000,0.001949,0.003255
torirs-profile,ToriRS_FontFromDat2Archives,C:\Users\mrobe\Documents\git_repos\oldschool-clientc\src\engine\torirs_font_from_rscache.c,281,0.000000,0.000000,0.001949,0.003255
USER32,PostQuitMessage,[unknown],0,0.000000,0.000000,0.001949,0.003255
torirs-profile,ToriRSChrome_KeyEdit,C:\Users\mrobe\Documents\git_repos\oldschool-clientc\src\ui\uitree_debug_overlay.c,6598,0.001948,0.003253,0.001948,0.003253
torirs-profile,recompute_display_size,C:\Users\mrobe\Documents\git_repos\oldschool-clientc\src\game\rs_worldmap.c,150,0.001948,0.003253,0.001948,0.003253
d3d9,[5AD8C7BA],,0,0.000000,0.000000,0.001948,0.003253
d3d9,[5AD744D8],,0,0.001947,0.003251,0.001947,0.003251
GDI32,CreateCompatibleBitmap,[unknown],0,0.001947,0.003251,0.001947,0.003251
ntdll,CsrAllocateCaptureBuffer,[unknown],0,0.001947,0.003251,0.001947,0.003251
ntdll,ZwDelayExecution,[unknown],0,0.001947,0.003251,0.001947,0.003251
d3d9,[5AD745EC],,0,0.000000,0.000000,0.001947,0.003251
kernel32,FlushInstructionCache,[unknown],0,0.000000,0.000000,0.001947,0.003251
d3d9,[5AD74584],,0,0.000000,0.000000,0.001947,0.003251
d3d9,[5AD76067],,0,0.000000,0.000000,0.001947,0.003251
d3d9,[5AD762AC],,0,0.000000,0.000000,0.001947,0.003251
torirs-profile,UITreeAnim_Advance,C:\Users\mrobe\Documents\git_repos\oldschool-clientc\src\engine\uitree_anim.c,80,0.001946,0.003250,0.001946,0.003250
d3d9,[5AD75F94],,0,0.000000,0.000000,0.001946,0.003250
d3d9,[5AD7600B],,0,0.000000,0.000000,0.001945,0.003248
torirs-profile,UITree_EnsureLayoutFor,C:\Users\mrobe\Documents\git_repos\oldschool-clientc\src\ui\uitree_layout.c,246,0.001944,0.003246,0.001944,0.003246
ntdll,memmove,[unknown],0,0.001944,0.003246,0.001944,0.003246
torirs-profile,TorirsModelInstCache_Free,C:\Users\mrobe\Documents\git_repos\oldschool-clientc\src\engine\torirs_model_inst_cache.c,73,0.001943,0.003245,0.001943,0.003245
d3d9,[5AD7A9CA],,0,0.000000,0.000000,0.001943,0.003245
torirs-profile,UITree_MarkNodeDirty,C:\Users\mrobe\Documents\git_repos\oldschool-clientc\src\ui\uitree.c,1438,0.001942,0.003243,0.001942,0.003243
torirs-profile,UITree_ApplyHide,C:\Users\mrobe\Documents\git_repos\oldschool-clientc\src\ui\uitree.c,2846,0.000000,0.000000,0.001942,0.003243
torirs-profile,ToriDraw_MapInit,C:\Users\mrobe\Documents\git_repos\oldschool-clientc\3rd\toridraw\toridraw_map.c,137,0.001941,0.003241,0.001941,0.003241
torirs-profile,CS2VM2_PushInt,C:\Users\mrobe\Documents\git_repos\oldschool-clientc\src\cs2vm2\cs2vm2.c,796,0.001899,0.003171,0.001899,0.003171
