dbrow_id	display_name	sort_name	unlock_hint	col3_unknown	song_archive_id	unlock_varp,bit
2	Oh Rats!	Oh Rats!	while fighting Scurrius, the Rat King.	480	777	24,4
2511	7th Realm	7th Realm	in Brimhaven Dungeon.	535	363	9,29
2512	Farmer's Grind, A	A Farmer's Grind	in the Farming Guild.	514	609	19,6
2513	Adventure	Adventure	in Varrock.	259	177	1,0
2514	Al Kharid	Al Kharid	in Al Kharid.	333	50	1,1
2515	Alchemical Attack	Alchemical Attack!	while fighting the Alchemical Hydra.	633	598	19,3
2516	All's Fairy in Love & War	All's Fairy in Love & War	during the Fairytale II - Cure a Queen quest.	347	73	14,20
2517	Alone	Alone	at Ice Mountain.	348	102	1,2
2518	Altar Ego	Altar Ego	in the Ourania Cave.	499	486	17,4
2519	Alternative Root	Alternative Root	during the What Lies Below quest.	350	272	15,21
2520	Thrall of the Devourer	Thrall of the Devourer	during the Beneath Cursed Sands quest.	588	726	22,25
2521	Ambient Jungle	Ambient Jungle	in Shilo Village.	438	90	1,3
2522	Mystics of Nature	Mystics of Nature	in Prifddinas.	738	655	19,22
2523	Ancient Prison, The	The Ancient Prison	in the God Wars Dungeon.	219	709	21,19
2524	Anywhere	Anywhere	on Ape Atoll.	402	305	8,16
2525	Arabian	Arabian	in Al Kharid.	236	36	1,4
2526	Arabian 2	Arabian 2	in Al Kharid.	306	123	1,5
2527	Arabian 3	Arabian 3	in the Kharidian Desert.	244	124	1,6
2528	Arabique	Arabique	in Taverley Dungeon.	375	19	1,7
2529	Itsy Bitsy...	Itsy Bitsy...	during the A Night at the Theatre quest.	466	702	21,12
2530	Arboretum	Arboretum	during the Sins of the Father quest.	360	670	20,8
2531	Arcane	Arcane	in Arceuus.	283	455	5,24
2532	Not a Moment of Relief	Not a Moment of Relief	north of Arceuus.	450	705	21,14
2533	Armadyl Alliance	Armadyl Alliance	in the God Wars Dungeon.	300	414	16,13
2534	Armageddon	Armageddon	in the God Wars Dungeon.	409	404	16,14
2535	Army of Darkness	Army of Darkness	in the Wilderness.	261	160	1,8
2536	Arrival	Arrival	in Falador.	168	186	1,9
2537	Artistry	Artistry	during the Mime random event.	361	247	7,8
2538	Ascent	Ascent	at Mount Quidamortem.	682	494	17,11
2539	Assault and Battery	Assault and Battery	during the Barbarian Assault minigame.	372	604	13,23
2540	Athletes Foot	Athletes Foot	somewhere.	318	415	
2541	Attack 1	Attack 1	at the Khazard Battlefield.	215	24	1,10
2542	Attack 2	Attack 2	during the Dragon Slayer I quest.	253	25	1,11
2543	Attack 3	Attack 3	in the Lava Maze dungeon.	294	26	1,12
2544	Attack 4	Attack 4	during the Fight Arena quest.	251	27	1,13
2545	Attack 5	Attack 5	while fighting the King Black Dragon.	213	28	1,14
2546	Attack 6	Attack 6	at Gu'Tanoth.	258	29	1,15
2547	Attention	Attention	in Rimmington.	283	180	1,16
2548	Autumn in Bridgelum	Autumn in Bridgelum	somewhere.	347	538	
2549	Autumn Voyage	Autumn Voyage	in Lumbridge.	229	2	1,17
2550	Aye Car Rum Ba	Aye Car Rum Ba	on Braindeath Island.	425	497	11,31
2551	Aztec	Aztec	in the Brimhaven Agility Arena.	352	248	7,9
2552	Back to Life	Back to Life	in Sophanem.	400	616	13,30
2553	Background	Background	on Entrana.	405	324	1,18
2554	Bait	Bait	during the A Taste of Hope quest.	337	563	18,5
2555	Ballad of Enchantment	Ballad of Enchantment	south of Ardougne.	348	152	1,19
2556	Bandit Camp	Bandit Camp	at the Kharidian Bandit Camp.	302	263	7,22
2557	Bandos Battalion	Bandos Battalion	in the God Wars Dungeon.	320	408	16,12
2558	Cain's Tutorial	Cain's Tutorial	during the Barbarian Assault tutorial.	425	212	22,0
2559	Barb Wire	Barb Wire	in the Ancient Cavern.	350	367	15,25
2560	Barbarianism	Barbarianism	at Barbarian Village.	455	141	9,1
2561	Barking Mad	Barking Mad	at the Werewolf Agility Course.	300	345	17,5
2562	Baroque	Baroque	in East Ardougne.	215	99	1,20
2563	Brain Battle	Brain Battle	during The Great Brain Robbery quest.	235	239	22,5
2564	Barren Land	Barren Land	in the icy lands around Weiss.	536	585	18,23
2565	Ballad of the Basilisk	Ballad of the Basilisk	during The Fremennik Exiles quest.	396	139	20,7
2566	Fight of the Basilisk	Fight of the Basilisk	during The Fremennik Exiles quest.	529	31	20,5
2567	Jaws of the Basilisk	Jaws of the Basilisk	during The Fremennik Exiles quest.	501	135	20,3
2568	Lair of the Basilisk	Lair of the Basilisk	during The Fremennik Exiles quest.	467	136	20,4
2569	Reign of the Basilisk	Reign of the Basilisk	during The Fremennik Exiles quest.	625	199	20,6
2570	On the Frontline	On the Frontline	on the Kebos Battlefront.	475	605	19,11
2571	Beetle Juice	Beetle Juice	during the Contact! quest.	244	615	13,29
2572	Beneath the Stronghold	Beneath the Stronghold	in the Gnome Stronghold Slayer Cave.	283	417	15,31
2573	Fremennik Kings, The	The Fremennik Kings	during The Fremennik Isles quest.	296	227	22,2
2574	Beyond	Beyond	under White Wolf Mountain.	279	100	1,21
2575	Big Chords	Big Chords	in and around Yanille.	248	83	1,22
2576	Barbarian Workout	Barbarian Workout	during the Below Ice Mountain quest.	265	689	21,2
2577	Blistering Barnacles	Blistering Barnacles	on Braindeath Island.	395	498	12,0
2578	Bloodbath	Bloodbath	in Slepe.	285	557	18,7
2579	Bob's on Holiday	Bob's on Holiday	during the A Tail of Two Cats quest.	254	484	22,4
2580	Body Parts	Body Parts	in Fenkenstrain's Dungeon.	468	342	9,14
2581	Bone Dance	Bone Dance	west of Mort'ton.	310	154	6,23
2582	Bone Dry	Bone Dry	in the Pollnivneach Smoke Dungeon.	549	266	7,24
2583	Book of Spells	Book of Spells	in Lumbridge.	546	64	1,23
2584	Borderland	Borderland	in the area around Rellekka.	309	291	8,9
2585	Box of Delights	Box of Delights	in the Mimic Chest.	295	637	19,14
2586	Breeze	Breeze	in Isafdar.	344	132	7,2
2587	Brew Hoo Hoo!	Brew Hoo Hoo!	in the Port Phasmatys brewery.	431	471	11,18
2588	Brimstail's Scales	Brimstail's Scales	in Brimstail's cave.	332	194	14,27
2589	Bubble and Squeak	Bubble and Squeak	in the Keldagrim Rat Pits.	318	489	11,27
2590	Bunny's Sugar Rush	Bunny's Sugar Rush	during an Easter event.	414	437	11,0
2591	Burning Desire	Burning Desire	at Mount Karuulm.	681	629	19,2
2592	Cabin Fever	Cabin Fever	during the Cabin Fever quest.	293	545	12,27
2593	Ruins of Camdozaal, The	The Ruins of Camdozaal	during the Below Ice Mountain quest.	368	691	21,0
2594	Race Against the Clock	Race Against the Clock	in the Camdozaal Vault.	107	690	21,1
2595	Camelot	Camelot	at Camelot.	250	104	1,24
2596	Castle Wars	Castle Wars	during the Castle Wars minigame.	379	314	8,23
2597	Catacombs and Tombs	Catacombs and Tombs	during the Land of the Goblins quest.	444	715	21,22
2598	Catch Me If You Can	Catch Me If You Can	in the Ardougne Rat Pits.	356	481	11,24
2599	Cave Background	Cave Background	in the Dwarven Mine.	433	325	1,25
2600	Cave of Beasts	Cave of Beasts	during the Mountain Daughter quest.	593	357	9,24
2601	Cave of the Goblins	Cave of the Goblins	beneath Lumbridge Swamp.	465	389	10,16
2602	Cavern	Cavern	in the Yanille Agility dungeon.	343	68	1,26
2603	Cellar Song	Cellar Song	beneath the Varrock west bank.	232	330	6,13
2604	Chain of Command	Chain of Command	during the Temple of Ikov quest.	493	63	1,27
2605	Chamber	Chamber	in the Haunted Mine.	432	282	8,1
2606	Chef Surprise	Chef Surprise	during the Recipe for Disaster quest.	260	583	13,15
2607	Chickened Out	Chickened Out	in the Evil Chicken's Lair.	306	575	13,11
2608	Chompy Hunt	Chompy Hunt	in the Feldip Hills.	312	71	6,18
2609	Elven Guardians	Elven Guardians	in Prifddinas.	633	647	19,30
2610	City of the Dead	City of the Dead	in Sophanem.	649	383	10,12
2611	Clanliness	Clanliness	in a Clan Hall.	482	693	21,3
2612	Clan Wars	Clan Wars	during the Clan Wars minigame.	552	428	16,22
2613	Claustrophobia	Claustrophobia	during the Between a Rock quest.	531	373	10,3
2614	Close Quarters	Close Quarters	in the Wilderness.	327	67	6,15
2615	Coil	Coil	while fighting Zulrah.	489	432	14,0
2616	Competition	Competition	in the Burthorpe Games Room.	500	269	7,25
2617	Complication	Complication	at the Chaos Altar.	284	142	9,2
2618	Confrontation	Confrontation	during the A Kingdom Divided quest.	400	701	21,5
2619	Conspiracy	Conspiracy	during the A Taste of Hope quest.	428	561	18,4
2620	Contest	Contest	in southern Troll Country.	266	258	7,16
2621	Regal Pomp	Regal Pomp	during the A Kingdom Divided quest.	264	697	21,11
2622	Corporal Punishment	Corporal Punishment	during the Drill Demon random event.	448	418	11,3
2623	Bane	Bane	while fighting the Corporeal Beast.	830	430	16,25
2624	Corridors of Power	Corridors of Power	during the Royal Trouble quest.	540	509	12,6
2625	Courage	Courage	in Taverley Dungeon.	410	178	9,4
2626	Creature Cruelty	Creature Cruelty	during the Tower of Life quest.	483	234	15,20
2627	Crest of a Wave	Crest of a Wave	automatically.	174	350	27,2
2628	Seed of Crwys, The	The Seed of Crwys	in Prifddinas.	598	659	19,23
2629	Crystal Castle	Crystal Castle	south of Prifddinas.	608	259	7,18
2630	Crystal Cave	Crystal Cave	in Zanaris.	388	181	1,28
2631	Crystal Sword	Crystal Sword	in the Wilderness.	285	169	1,29
2632	Cursed	Cursed	during the Underground Pass quest.	282	59	6,26
2633	Dagannoth Dawn	Dagannoth Dawn	in the Waterbirth Island Dungeon.	331	198	12,13
2634	Dance of Death	Dance of Death	in the Stronghold of Security.	475	560	13,6
2635	Dance of the Meilyr	Dance of the Meilyr	in Prifddinas.	481	660	19,20
2636	Dance of the Undead	Dance of the Undead	at the Barrows.	397	380	10,10
2637	Dangerous	Dangerous	in the Wilderness.	222	182	1,30
2638	Dangerous Road	Dangerous Road	beneath Crandor.	349	336	9,7
2639	Dangerous Way	Dangerous Way	in the Barrows.	555	381	10,11
2640	Dark	Dark	in the Wilderness.	290	326	1,31
2641	Darkly Altared	Darkly Altared	while fighting Skotizo.	473	472	5,30
2642	Darkmeyer	Darkmeyer	during the Sins of the Father quest.	883	671	20,9
2643	Darkness in the Depths	Darkness in the Depths	in the Chasm of Fire.	510	499	17,12
2644	Davy Jones' Locker	Davy Jones' Locker	during the Recipe for Disaster quest.	301	576	13,10
2645	Dead Can Dance	Dead Can Dance	in the Wilderness.	369	476	11,21
2646	Dead Quiet	Dead Quiet	in Mort Myre Swamp.	694	84	6,21
2647	Deadlands	Deadlands	in the Haunted Woods.	446	288	8,6
2648	Deep Down	Deep Down	in the Haunted Mine.	614	278	8,0
2649	Deep Wildy	Deep Wildy	in the Wilderness.	255	37	2,0
2650	Delrith	Delrith	during the Demon Slayer quest.	131	195	22,18
2651	Desert Heat	Desert Heat	in the Kharidian Desert.	440	465	11,13
2652	Desert Voyage	Desert Voyage	in the Kharidian Desert.	513	174	2,1
2653	Desolate Mage, The	The Desolate Mage	at Mount Quidamortem.	667	495	17,8
2654	Devils May Care	Devils May Care	in the Smoke Devil Dungeon.	371	424	16,20
2655	Diango's Little Helpers	Diango's Little Helpers	during a Christmas event.	383	532	12,19
2656	Dies Irae	Dies Irae	during a Halloween event.	547	442	12,25
2657	Dimension X	Dimension X	at the Gorak Plane.	252	86	14,19
2658	Distant Land	Distant Land	in Burgh de Rott.	603	501	12,1
2659	Distillery Hilarity	Distillery Hilarity	outside the Trouble Brewing minigame.	422	610	13,25
2660	Dogs of War	Dogs of War	in the Stronghold of Security.	576	537	13,3
2661	Domain of the Vampyres	Domain of the Vampyres	during the Darkness of Hallowvale quest.	319	677	20,15
2662	Don't Panic Zanik	Don't Panic Zanik	during the Land of the Goblins quest.	302	714	21,26
2663	Doorways	Doorways	in the area around Varrock.	251	56	2,2
2664	Dorgeshuun City	Dorgeshuun City	in Dorgesh-Kaan.	453	240	15,5
2665	Dorgeshuun Deep	Dorgeshuun Deep	in the Dorgesh-Kaan South Dungeon.	443	249	15,6
2666	Dorgeshuun Treaty	Dorgeshuun Treaty	during The Lost Tribe quest.	115	410	22,12
2667	Down and Out	Down and Out	during the Dream Mentor quest.	225	301	16,7
2668	Down Below	Down Below	in the Draynor Sewers.	300	361	9,28
2669	Down to Earth	Down to Earth	at the Earth Altar.	409	143	9,3
2670	Relics	Relics	during the Dragon Slayer II quest.	435	549	17,25
2671	Forsaken, The	The Forsaken	during the Dragon Slayer II quest.	564	527	17,30
2672	Dragontooth Island	Dragontooth Island	on Dragontooth Island.	500	358	9,25
2673	Oncoming Foe	Oncoming Foe	during the Dragon Slayer II quest.	550	540	17,31
2674	Dream	Dream	in Lumbridge.	257	327	2,3
2675	Dreamstate	Dreamstate	during the Lunar Diplomacy quest.	426	623	14,3
2676	Drunken Dwarf	Drunken Dwarf	somewhere.	114	438	
2677	Emir's Arena, The	The Emir's Arena	at the Emir's Arena	 north-east of Al Kharid.	289	47	6,4
2678	Dunjun	Dunjun	in Taverley Dungeon.	285	173	2,4
2679	Dusk in Yu'biusk	Dusk in Yu'biusk	in Yu'biusk.	489	713	21,23
2680	Dwarf Theme	Dwarf Theme	at the entrance to the Dwarven Mines.	158	310	2,20
2681	Dynasty	Dynasty	in Pollnivneach.	437	351	9,19
2682	Eagles' Peak	Eagles' Peak	at Eagles' Peak.	422	366	10,0
2683	Easter Jig	Easter Jig	during an Easter event.	394	273	15,27
2684	Egypt	Egypt	in the Kharidian Desert.	359	69	2,5
2685	Eye of the Storm	Eye of the Storm	during the Dragon Slayer I quest.	139	360	22,10
2686	Elven Mist	Elven Mist	in Isafdar.	383	252	7,10
2687	Elven Seed	Elven Seed	in Gwenith.	413	654	19,17
2688	Emotion	Emotion	at the Tree Gnome Maze.	322	148	2,6
2689	Emperor	Emperor	in Rimmington.	401	138	2,7
2690	Enclave, The	The Enclave	in Ferox Enclave.	324	680	20,23
2691	Escape	Escape	in the Witchaven dungeon.	282	17	6,16
2692	Espionage	Espionage	during the Cold War quest.	398	216	15,22
2693	Awful Anthem	Awful Anthem	during the Throne of Miscellania quest.	142	297	22,14
2694	Etceteria	Etceteria	on Etceteria.	403	285	8,3
2695	Everlasting	Everlasting	during the Dream Mentor quest.	280	283	16,5
2696	Everlasting Fire	Everlasting Fire	in the Wilderness.	380	586	14,1
2697	Everywhere	Everywhere	north of Prifddinas.	447	268	7,27
2698	Eve's Epinette	Eve's Epinette	during a Halloween event.	573	682	20,25
2699	Evil Bob's Island	Evil Bob's Island	on Evil Bob's island.	373	411	10,28
2700	Expanse	Expanse	in the area around Varrock.	285	106	2,8
2701	Expecting	Expecting	north of the Observatory.	377	41	2,9
2702	Expedition	Expedition	in the Observatory Dungeon.	287	153	2,10
2703	Exposed	Exposed	on the Island of Stone.	441	270	7,28
2704	Faerie	Faerie	in Zanaris.	286	118	2,11
2705	Fairy Dragon, The	The Fairy Dragon	during the Recipe for Disaster quest.	182	574	22,8
2706	Faith of the Hefin	Faith of the Hefin	in Prifddinas.	644	653	19,18
2707	Faithless	Faithless	in the Wilderness.	329	337	9,9
2708	Fanfare	Fanfare	in Falador.	237	72	2,12
2709	Fanfare 2	Fanfare 2	in the Karamja Shipyard.	198	166	6,2
2710	Fanfare 3	Fanfare 3	in and around Port Khazard.	442	167	2,13
2711	Fangs for the Memory	Fangs for the Memory	during the In Search of the Myreque quest.	340	504	12,2
2712	Far Away	Far Away	during the Mourning's End Part I quest.	458	372	10,4
2713	Fe Fi Fo Fum	Fe Fi Fo Fum	during the Grim Tales quest.	320	23	16,1
2714	Fear and Loathing	Fear and Loathing	in Tolna's rift.	504	602	13,21
2715	Fenkenstrain's Refrain	Fenkenstrain's Refrain	at Fenkenstrain's Castle.	415	344	9,15
2716	Fight or Flight	Fight or Flight	during the Mourning's End Part I quest.	445	375	10,5
2717	Find My Way	Find My Way	in the Ape Atoll Dungeon.	379	312	8,22
2718	Fire and Brimstone	Fire and Brimstone	in the TzHaar Fight Pit.	433	463	11,14
2719	Fishing	Fishing	in Catherby.	315	119	2,14
2720	Floating Free	Floating Free	during the Enlightened Journey quest.	331	206	15,7
2721	Flute Salad	Flute Salad	in Lumbridge.	194	163	2,15
2722	Food for Thought	Food for Thought	in the Stronghold of Security.	461	558	13,4
2723	Forbidden	Forbidden	in the Wilderness.	392	121	6,25
2724	Forest	Forest	in Isafdar.	419	251	7,11
2725	Forever	Forever	in Edgeville.	367	98	2,16
2726	Forgettable Melody	Forgettable Melody	during the Forgettable Tale... quest.	392	436	11,6
2727	Forgotten	Forgotten	in the Ruins of Uzer.	512	378	10,8
2728	Forlorn Homestead, The	The Forlorn Homestead	in Hosidius.	607	452	5,27
2729	Forsaken Tower, The	The Forsaken Tower	during The Forsaken Tower quest.	511	624	19,10
2730	Forgotten Religion, A	A Forgotten Religion	in the Forthos Dungeon.	656	639	19,15
2731	Lava is Mine	Lava is Mine	during the Volcanic Mine minigame.	402	507	17,16
2732	Preserved	Preserved	on Fossil Island.	207	513	17,18
2733	Preservation	Preservation	on Fossil Island.	204	512	17,19
2734	Fossilised	Fossilised	beneath Fossil Island.	369	514	17,17
2735	Lagoon	Lagoon	beneath Fossil Island.	499	503	17,15
2736	Frogland	Frogland	during the Frog random event.	206	409	11,16
2737	Frostbite	Frostbite	during the Desert Treasure I quest.	545	294	8,12
2738	Fruits de Mer	Fruits de Mer	at the Fishing Platform.	546	347	9,17
2739	Ful to the Brim	Ful to the Brim	in the Karuulm Slayer Dungeon.	455	635	18,31
2740	Funny Bunnies	Funny Bunnies	during an Easter event.	361	603	13,22
2741	Dragon Slayer, The	The Dragon Slayer	during the Dragon Slayer II quest.	777	543	17,26
2742	Gaol	Gaol	in Gu'Tanoth.	193	159	2,17
2743	Garden	Garden	in Varrock.	265	125	2,18
2744	Garden of Autumn	Garden of Autumn	in the Sorceress' Garden minigame.	347	228	15,17
2745	Garden of Spring	Garden of Spring	in the Sorceress' Garden minigame.	300	229	15,15
2746	Garden of Summer	Garden of Summer	in the Sorceress' Garden minigame.	300	230	15,14
2747	Garden of Winter	Garden of Winter	in the Sorceress' Garden minigame.	347	231	15,16
2748	Tempest	Tempest	while fighting the Grotesque Guardians.	385	518	17,20
2749	Gauntlet, The	The Gauntlet	in the Gauntlet.	1049	650	19,26
2750	Getting Down to Business	Getting Down to Business	east of the Farming Guild.	390	617	19,7
2751	Dogfight	Dogfight	during The General's Shadow miniquest.	169	233	22,9
2752	Consortium, The	The Consortium	during The Giant Dwarf quest.	445	405	21,31
2753	Foundry, The	The Foundry	during the Sleeping Giants quest.	496	406	22,27
2754	Gill Bill	Gill Bill	on Molch Island.	661	618	18,28
2755	Gnome King	Gnome King	in the Tree Gnome Stronghold.	241	22	2,19
2756	Gnome Village	Gnome Village	in the Tree Gnome Stronghold.	139	33	2,21
2757	Gnome Village Party	Gnome Village Party	automatically.	334	416	26,18
2758	Gnome Village 2	Gnome Village 2	in the Tree Gnome Stronghold.	468	101	2,22
2759	Gnomeball	Gnomeball	during the Gnomeball minigame.	254	112	2,24
2760	Goblin Game	Goblin Game	in the Goblin Cave.	374	346	8,28
2761	Goblin Village	Goblin Village	in Goblin Village.	161	313	2,23
2762	Golden Touch	Golden Touch	in the Mage Training Arena.	400	535	12,22
2763	Guardians of the Rift	Guardians of the Rift	during the Temple of the Eye quest.	531	720	21,29
2764	Guardians Prepare, The	The Guardians Prepare	during the Temple of the Eye quest.	123	718	21,28
2765	Greatness	Greatness	in the area around Varrock.	370	116	2,25
2766	Grimly Fiendish	Grimly Fiendish	during a Halloween event.	345	431	16,29
2767	Grip of the Talon	Grip of the Talon	during the Shadow of the Storm quest.	171	520	12,12
2768	Grotto	Grotto	in the Nature Grotto.	409	246	7,6
2769	Scape Ground	Scape Ground	automatically.	350	466	26,19
2770	Grow Grow Grow	Grow Grow Grow	in the Farming Guild.	579	613	19,8
2771	Grumpy	Grumpy	in the Feldip Hills.	242	128	6,17
2772	Watch Your Step	Watch Your Step	in the Hallowed Sepulchre.	640	674	20,21
2773	Well Hallowed Air	Well Hallowed Air	in the Hallowed Sepulchre lobby.	375	669	20,17
2774	H.A.M. and Seek	H.A.M. and Seek	during the Another Slice of H.A.M. quest.	405	276	15,30
2775	H.A.M. Attack	H.A.M. Attack	during the Another Slice of H.A.M. quest.	460	279	15,28
2776	H.A.M. Fisted	H.A.M. Fisted	during the Death to the Dorgeshuun quest.	405	638	14,13
2777	Harmony	Harmony	in Lumbridge.	362	76	2,26
2778	Harmony 2	Harmony 2	in the Lumbridge Castle cellar.	434	46	6,7
2779	Haunted Mine	Haunted Mine	in the Haunted Mine.	331	277	7,30
2780	Have a Blast	Have a Blast	during the Blast Furnace minigame.	450	434	11,5
2781	Have an Ice Day	Have an Ice Day	during the Cold War quest.	480	217	15,18
2782	Head to Head	Head to Head	during the Evil Twin random event.	353	612	13,27
2783	Heart and Mind	Heart and Mind	at the Body Altar.	353	190	6,14
2784	Hells Bells	Hells Bells	during the Troll Romance quest.	350	4	8,30
2785	Hermit	Hermit	in Saba's cave north-west of Burthorpe.	180	97	6,31
2786	Thorn in My Side, A	A Thorn in My Side	while fighting the Hespori.	740	601	19,9
2787	Creeping Vines	Creeping Vines	in the Farming Guild.	753	596	19,13
2788	High Seas	High Seas	in Brimhaven.	460	55	2,27
2789	High Spirits	High Spirits	during a Halloween event.	366	205	15,9
2790	Hoe Down	Hoe Down	in the Farming Guild.	351	599	19,0
2791	Home Sweet Home	Home Sweet Home	inside a Player-owned house.	536	454	13,1
2792	Scape Home	Scape Home	automatically.	412	621	26,20
2793	Horizon	Horizon	in Taverley.	335	18	2,28
2794	Country Jig	Country Jig	south of Hosidius.	296	456	5,25
2795	Beyond the Meadow	Beyond the Meadow	west of Hosidius.	393	707	21,13
2796	Hypnotised	Hypnotised	during the Icthlarin's Little Helper quest.	408	384	10,13
2797	Iban	Iban	at Lord Iban's Lair.	343	1	2,29
2798	Ice Melody	Ice Melody	at White Wolf Mountain.	226	87	6,5
2799	King of the Trolls	King of the Trolls	during The Fremennik Isles quest.	215	226	22,6
2800	Lament for the Hallowed	Lament for the Hallowed	during the Sins of the Father quest.	655	665	20,16
2801	Illusive	Illusive	during the Dream Mentor quest.	417	298	16,4
2802	Impetuous	Impetuous	in Puro-Puro.	337	349	15,26
2803	Impulses	Impulses	near a portal to Puro-Puro.	579	315	21,30
2804	In Between	In Between	in Dondakan's mine after the Between a Rock quest.	495	370	10,2
2805	In the Brine	In the Brine	on Mos Le'Harmless.	343	530	12,18
2806	In the Clink	In the Clink	during the Prison Pete random event.	378	511	12,8
2807	In the Manor	In the Manor	south of Yanille.	152	188	2,30
2808	In the Pits	In the Pits	in Mor Ul Rek or the Royal Titan arena.	407	469	11,15
2809	Inadequacy	Inadequacy	during the Dream Mentor quest.	357	299	16,3
2810	Incantation	Incantation	during the Shadow of the Storm quest.	560	519	12,11
2811	Inferno	Inferno	in the Inferno.	500	500	17,13
2812	Insect Queen	Insect Queen	in the Kalphite Lair.	432	260	7,20
2813	Inspiration	Inspiration	in the Wilderness.	522	96	2,31
2814	Into the Abyss	Into the Abyss	in the Abyss.	452	412	10,29
2815	Intrepid	Intrepid	during the Underground Pass quest.	198	95	3,0
2816	Sharp End of the Crystal	Sharp End of the Crystal	in the Iorwerth Slayer Dungeon.	565	657	19,28
2817	Iorwerths Lament	Iorwerth's Lament	in Prifddinas.	697	644	19,21
2818	Island Life	Island Life	on Ape Atoll.	372	306	8,18
2819	Island of the Trolls	Island of the Trolls	north of Neitiznot and Jatizso.	435	220	14,25
2820	Isle of Everywhere	Isle of Everywhere	on Lunar Isle.	277	627	14,5
2821	Architects of Prifddinas	Architects of Prifddinas	in Prifddinas.	563	651	19,24
2822	Jester Minute	Jester Minute	during The Fremennik Isles quest.	338	221	14,22
2823	Jolly R	Jolly R	in Brimhaven.	167	6	3,1
2824	Joy of the Hunt	Joy of the Hunt	at Piscatoris.	383	460	13,2
2825	Judgement of the Depths	Judgement of the Depths	during the A Kingdom Divided quest.	599	696	21,10
2826	Jungle Bells	Jungle Bells	during a Christmas event.	385	209	15,13
2827	Jungle Hunt	Jungle Hunt	in the Feldip Hills.	434	453	13,0
2828	Jungle Island	Jungle Island	at Musa Point.	303	172	3,2
2829	Jungle Island Xmas	Jungle Island Xmas	during a Christmas event.	303	208	15,11
2830	Jungle Troubles	Jungle Troubles	on Karamja.	386	479	11,23
2831	Jungly 1	Jungly 1	on Karamja.	285	114	3,3
2832	Jungly 2	Jungly 2	on Karamja.	231	115	3,4
2833	Jungly 3	Jungly 3	on Karamja.	135	117	3,5
2834	Kanon of Kahlith	Kanon of Kahlith	in the Karuulm Slayer Dungeon.	646	608	18,30
2835	Karamja Jam	Karamja Jam	in Brimhaven Dungeon.	380	362	9,30
2836	Pharaoh, The	The Pharaoh	during the Beneath Cursed Sands quest.	161	723	22,26
2837	Kingdom	Kingdom	in Burthorpe.	535	9	6,30
2838	Sinclairs, The	The Sinclairs	during the King's Ransom quest.	107	385	22,13
2839	Knightly	Knightly	in East Ardougne.	250	191	3,6
2840	Knightmare	Knightmare	in the Black Knights' Fortress.	305	374	16,18
2841	Beneath the Kingdom	Beneath the Kingdom	in the Catacombs of Kourend.	477	694	21,6
2842	Houses of Kourend, The	The Houses of Kourend	during the A Kingdom Divided quest.	249	699	21,8
2843	Kourend the Magnificent	Kourend the Magnificent	in Kingstown.	481	451	10,17
2844	La Mort	La Mort	at the Death altar.	452	134	7,0
2845	Labyrinth	Labyrinth	during the Contact! quest.	394	213	13,31
2846	Lair	Lair	in the Shade Catacombs.	457	287	8,5
2847	Lament	Lament	in Enakhra's Temple.	481	542	12,29
2848	Lament of Meiyerditch	Lament of Meiyerditch	in Meiyerditch.	566	197	14,14
2849	Land Down Under	Land Down Under	in the caves under Miscellania.	323	506	12,4
2850	Land of Snow	Land of Snow	during a Christmas event.	270	523	17,23
2851	Land of the Dwarves	Land of the Dwarves	in Keldagrim.	483	396	10,22
2852	Landlubber	Landlubber	in Brimhaven.	405	164	6,9
2853	Last Stand	Last Stand	during the Swan Song quest.	200	546	12,28
2854	Lasting	Lasting	south of Seers' Village.	362	60	3,7
2855	Last Man Standing	Last Man Standing	in the Last Man Standing minigame.	615	474	17,2
2856	Shattered Relics	Shattered Relics	automatically.	187	712	26,21
2857	Legend	Legend	in the area around Rellekka.	469	293	8,11
2858	Legion	Legion	at the Barbarian Outpost.	417	66	3,8
2859	Life's a Beach!	Life's a Beach!	on Mos Le'Harmless.	466	631	14,8
2860	Lighthouse	Lighthouse	at the Lighthouse.	477	320	8,27
2861	Lightness	Lightness	north of Falador.	449	113	3,9
2862	Lightwalk	Lightwalk	in Catherby.	307	74	3,10
2863	Little Cave of Horrors	Little Cave of Horrors	in the Mos Le'Harmless Caves.	294	632	14,10
2864	Fires of Lletya, The	The Fires of Lletya	during the Song of the Elves quest.	516	658	19,31
2865	Lonesome	Lonesome	at the Desert Mining Camp.	386	168	5,21
2866	Long Ago	Long Ago	east of Yanille.	217	161	3,11
2867	Long Way Home	Long Way Home	south of Falador.	206	12	3,12
2868	Looking Back	Looking Back	in the Varrock Museum.	335	309	15,10
2869	Lore and Order	Lore and Order	during the King's Ransom quest.	284	382	16,19
2870	Lost Soul	Lost Soul	at the Poison Waste.	342	253	7,12
2871	Dwarven Domain	Dwarven Domain	in Lovakengj.	325	446	5,23
2872	Out at the Mines	Out at the Mines	north west of Lovakengj.	335	704	21,16
2873	Lower Depths	Lower Depths	in the Chambers of Xeric.	775	487	17,7
2874	You Have My Attention	You Have My Attention	during the Sins of the Father quest.	668	666	20,20
2875	You Have My Attention	You Have My Attention	during the Sins of the Father quest.	407	673	
2876	You Have My Attention	You Have My Attention	during the Sins of the Father quest.	260	668	
2877	Lucid Dream	Lucid Dream	during the Dragon Slayer II quest.	333	539	18,0
2878	Lucid Nightmare	Lucid Nightmare	during the Dragon Slayer II quest.	258	531	18,1
2879	Lullaby	Lullaby	at the Digsite.	351	20	3,13
2880	Mad Eadgar	Mad Eadgar	in Mad Eadgar's cave.	371	264	7,21
2881	Mage Arena	Mage Arena	at the Mage Arena.	473	13	3,14
2882	Magic Dance	Magic Dance	in and around Yanille.	383	185	3,15
2883	Magic, Magic, Magic	Magic Magic Magic	during the Tower of Life quest.	483	235	15,3
2884	Magical Journey	Magical Journey	south of Seers' Village.	367	184	3,16
2885	Maiden's Sorrow, The	The Maiden's Sorrow	in the Theatre of Blood.	893	570	18,10
2886	Maiden's Anger, The	The Maiden's Anger	in the Theatre of Blood.	680	569	18,11
2887	Major Miner	Major Miner	in the Jatizso mine.	363	222	14,21
2888	Making Waves	Making Waves	at the Piscatoris Fishing Colony.	338	544	12,26
2889	Malady	Malady	in the Stronghold of Security.	460	559	13,5
2890	March	March	north west of Ardougne.	188	328	3,17
2891	Marooned	Marooned	on Crash Island.	332	304	8,17
2892	Marzipan	Marzipan	in the Trollheim Cave.	375	261	7,19
2893	Masquerade	Masquerade	in the Fremennik Slayer Dungeon.	345	340	9,12
2894	Mastermindless	Mastermindless	during the Recipe for Disaster quest.	400	577	13,13
2895	Mausoleum	Mausoleum	in the Paterdomus Mausoleum.	537	156	6,24
2896	Maws, Jaws & Claws	Maws Jaws & Claws	while fighting Cerberus.	569	439	16,26
2897	Meddling Kids	Meddling Kids	during the Royal Trouble quest.	338	508	12,5
2898	Medieval	Medieval	in Varrock.	401	157	3,18
2899	Forgotten Tomb, The	The Forgotten Tomb	during the Beneath Cursed Sands quest.	528	724	22,24
2900	Mellow	Mellow	north of Ardougne.	368	193	3,19
2901	Melodrama	Melodrama	north west of Yanille.	328	317	8,24
2902	Maze, The	The Maze	during the Dragon Slayer I quest.	357	365	16,9
2903	Gates of Menaphos, The	The Gates of Menaphos	during the Contact! quest.	170	727	22,20
2904	Meridian	Meridian	in Isafdar.	349	254	7,13
2905	Method of Madness	Method of Madness	in Tolna's rift.	350	600	13,20
2906	Miles Away	Miles Away	south of Falador.	380	107	3,20
2907	Mind over Matter	Mind over Matter	at the Telekinetic Theatre.	353	534	12,21
2908	Mined Out	Mined Out	somewhere.	129	480	
2909	Miracle Dance	Miracle Dance	at the Mind Altar.	455	65	3,21
2910	Mirage	Mirage	during the Icthlarin's Little Helper quest.	541	388	10,15
2911	Miscellania	Miscellania	on Miscellania.	443	284	8,2
2912	Monkey Badness	Monkey Badness	during the Monkey Madness II quest.	500	468	17,1
2913	Monkey Trouble	Monkey Trouble	during the Monkey Madness II quest.	533	457	16,30
2914	Monkey Sadness	Monkey Sadness	during the Monkey Madness II quest.	616	459	16,31
2915	Monkey Business	Monkey Business	during the Monkey Madness II quest.	544	467	17,0
2916	Scape Ape	Scape Ape	automatically.	329	458	26,22
2917	Servants of Strife	Servants of Strife	in Molch.	370	628	19,12
2918	Monarch Waltz	Monarch Waltz	north of Seers' Village.	241	21	3,22
2919	Monkey Madness	Monkey Madness	on Ape Atoll.	392	303	8,15
2920	Monster Melee	Monster Melee	in the H.A.M. area.	379	343	9,16
2921	Moody	Moody	in the Wilderness.	295	10	3,23
2922	Mor Ul Rek	Mor Ul Rek	in Mor Ul Rek.	453	502	17,14
2923	Morytania	Morytania	in northern Morytania.	449	48	6,20
2924	Mouse Trap	Mouse Trap	during the Grim Tales quest.	374	150	16,0
2925	Mudskipper Melody	Mudskipper Melody	at Mudskipper Point.	405	515	12,9
2926	Museum Medley	Museum Medley	in the Old School Museum.	1121	553	18,2
2927	Mutant Medley	Mutant Medley	during the Creature Creation minigame.	345	236	15,4
2928	My Arm's Journey	My Arm's Journey	during the My Arm's Big Adventure quest.	270	203	14,28
2929	Mother Ruckus	Mother Ruckus	during the Making Friends with My Arm quest.	433	593	18,27
2930	Snowflake & My Arm	Snowflake & My Arm	during the Making Friends with My Arm quest.	130	589	18,26
2931	Mythical	Mythical	at the Myths' Guild.	402	550	17,27
2932	Narnode's Theme	Narnode's Theme	in the Grand Tree mine.	386	348	9,18
2933	Natural	Natural	at the Nature Grotto.	473	245	7,5
2934	Dunes of Eternity	Dunes of Eternity	during the Beneath Cursed Sands quest.	607	722	22,22
2935	Nether Realm	Nether Realm	in Brimhaven Dungeon.	427	422	16,16
2936	Neverland	Neverland	north west of Ardougne.	321	155	3,24
2937	Newbie Farming	Newbie Farming	south of the Farming Guild.	384	597	19,5
2938	Newbie Melody	Newbie Melody	on Tutorial Island.	372	62	27,0
2939	Night of the Vampyre	Night of the Vampyre	in Meiyerditch.	616	646	14,17
2940	Nightfall	Nightfall	south of Falador.	381	127	3,26
2941	Bane of Ashihama, The	The Bane of Ashihama	while fighting the Nightmare.	567	663	20,13
2942	No Pasaran	No Pasaran	during the Song of the Elves quest.	407	642	20,1
2943	No Way Out	No Way Out	in Tolna's rift.	524	594	13,19
2944	Nomad	Nomad	in the Ruins of Unkah.	402	58	6,11
2945	Norse Code	Norse Code	on Jatizso.	397	223	14,23
2946	Nox Irae	Nox Irae	during a Halloween event.	323	443	12,31
2947	Null and Void	Null and Void	at the Void Knights' Outpost.	360	587	13,16
2948	Dance of the Nylocas	Dance of the Nylocas	in the Theatre of Blood.	594	580	18,19
2949	Arachnids of Vampyrium	Arachnids of Vampyrium	in the Theatre of Blood.	696	579	18,20
2950	Look to the Stars	Look to the Stars	during the Observatory Quest.	209	368	22,7
2951	Ogre the Top	Ogre the Top	during The Fremennik Isles quest.	347	224	15,1
2952	Fire in the Deep	Fire in the Deep	in the Chambers of Xeric.	640	493	17,9
2953	On the Up	On the Up	during the Dream Mentor quest.	225	302	16,8
2954	On the Wing	On the Wing	at Piscatoris.	420	633	14,9
2955	On the Shore	On the Shore	at Corsair Cove.	506	522	17,22
2956	Organ Music 1	Organ Music 1	automatically.	129	39	26,23
2957	Organ Music 2	Organ Music 2	automatically.	169	40	26,24
2958	Oriental	Oriental	during the Shilo Village quest.	321	103	3,27
2959	Out of the Deep	Out of the Deep	during the Horror from the Deep quest.	410	322	8,29
2960	Over to Nardah	Over to Nardah	in Nardah.	448	447	11,8
2961	Overpass	Overpass	at Arandar.	367	256	7,15
2962	Overture	Overture	in Seers' Village.	177	7	3,28
2963	Parade	Parade	at Silvarea.	158	93	3,29
2964	Path of Peril	Path of Peril	in the Shadow Dungeon.	643	393	10,19
2965	Pathways	Pathways	in Brimhaven Dungeon.	400	364	9,31
2966	Penguin Bards, The	The Penguin Bards	during the Cold War quest.	132	218	22,11
2967	Penguin Plots	Penguin Plots	during the Cold War quest.	109	219	22,17
2968	Pest Control	Pest Control	during the Pest Control minigame.	440	588	13,17
2969	Welcome to my Nightmare	Welcome to my Nightmare	in the Theatre of Blood.	759	578	18,12
2970	Nightmare Continues, The	The Nightmare Continues	in the Theatre of Blood.	742	571	18,13
2971	Pharaoh's Tomb	Pharaoh's Tomb	at the Agility Pyramid.	267	505	12,3
2972	Phasmatys	Phasmatys	in the Ectofuntus Dungeon.	480	354	9,21
2973	Pheasant Peasant	Pheasant Peasant	during the Freaky Forester random event.	382	419	11,1
2974	Pick & Shovel	Pick & Shovel	in the Motherlode Mine.	325	426	16,21
2975	Pinball Wizard	Pinball Wizard	during the Pinball random event.	413	614	13,28
2976	Pirates of Penance	Pirates of Penance	during the Barbarian Assault minigame.	401	211	14,26
2977	Pirates of Peril	Pirates of Peril	at the Pirates' Hideout.	347	334	9,6
2978	Down by the Docks	Down by the Docks	in Port Piscarilius.	323	450	5,26
2979	Poles Apart	Poles Apart	at the Rellekka Hunter area.	465	548	12,30
2980	Prime Time	Prime Time	during the Elemental Workshop II quest.	465	202	14,30
2981	Principality	Principality	in Burthorpe.	447	149	6,28
2982	Quest	Quest	at the Fire Altar.	285	158	3,30
2983	Taste Of Hope, A	A Taste of Hope	during the A Taste of Hope quest.	649	555	18,9
2984	Rat a Tat Tat	Rat a Tat Tat	at the Varrock Rat Pits.	293	482	11,25
2985	Rat Hunt	Rat Hunt	during the Ratcatchers quest.	333	491	11,29
2986	Ready for Battle	Ready for Battle	in the Castle Wars waiting room.	362	318	8,25
2987	Regal	Regal	in the Wilderness.	347	329	3,31
2988	Reggae	Reggae	on Karamja.	191	78	4,0
2989	Reggae 2	Reggae 2	on Karamja.	337	89	4,1
2990	Rellekka	Rellekka	in Rellekka.	464	289	8,7
2991	Rest in Peace	Rest in Peace	in Death's Office.	759	679	20,22
2992	Dangerous Game, A	A Dangerous Game	in the Wilderness Slayer Cave.	620	684	20,27
2993	Rhapsody	Rhapsody	at the piano in a Clan Hall.	506	692	16,28
2994	Right on Track	Right on Track	during the Forgettable Tale... quest.	310	44	11,7
2995	Righteousness	Righteousness	at the Law Altar.	413	262	7,31
2996	Rising Damp	Rising Damp	in the Brine Rat Cavern.	448	274	14,31
2997	Riverside	Riverside	in Isafdar.	255	91	4,2
2998	Roc and Roll	Roc and Roll	during the My Arm's Big Adventure quest.	237	204	15,8
2999	Roll the Bones	Roll the Bones	in the Mage Training Arena.	367	533	12,20
3000	Romancing the Crone	Romancing the Crone	during the Troll Romance quest.	357	335	9,8
3001	Romper Chomper	Romper Chomper	south of Castle Wars.	330	390	10,24
3002	Roots and Flutes	Roots and Flutes	while fighting Bryophyta.	459	554	18,3
3003	Rose	Rose	during the A Kingdom Divided quest.	428	700	21,4
3004	Royale	Royale	in Taverley Dungeon.	207	53	4,3
3005	Rugged Terrain	Rugged Terrain	west of Kingstown.	412	445	5,29
3006	Rune Essence	Rune Essence	in the Rune Essence Mine.	201	57	4,4
3007	Sad Meadow	Sad Meadow	during the Plague City quest.	366	5	4,5
3008	Saga	Saga	in the area around Rellekka.	521	290	8,8
3009	Sarachnis	Sarachnis	while fighting Sarachnis.	634	641	19,16
3010	Sarcophagus	Sarcophagus	during the Desert Treasure I quest.	430	359	9,27
3011	Sarim's Vermin	Sarim's Vermin	during the Ratcatchers quest.	333	490	11,28
3012	Scape Cave	Scape Cave	in the Varrock Sewers.	266	144	4,6
3013	Scape Crystal	Scape Crystal	automatically.	327	661	26,25
3014	Scape Hunter	Scape Hunter	automatically.	330	207	26,26
3015	Scape Main	Scape Main	automatically.	327	16	26,27
3016	Scape Original	Scape Original	automatically.	314	400	26,28
3017	Scape Sad	Scape Sad	in the Wilderness.	308	331	4,8
3018	Scape Santa	Scape Santa	automatically.	430	547	26,29
3019	Scape Scared	Scape Scared	automatically.	331	321	26,30
3020	Scape Soft	Scape Soft	north of Falador.	266	54	5,31
3021	Scape Wild	Scape Wild	in the Wilderness.	245	332	4,9
3022	Scape Five	Scape Five	automatically.	718	552	26,31
3023	Scarab	Scarab	in the Kharidian Desert.	515	352	9,26
3024	School's Out	School's Out	during the Surprise Exam random event.	320	371	16,2
3025	Scorpia Dances	Scorpia Dances	while fighting Scorpia.	545	423	16,17
3026	Scrubfoot's Descent	Scrubfoot's Descent	during a Christmas event.	350	687	20,30
3027	Sea Shanty	Sea Shanty	at Musa Point.	186	92	4,10
3028	Sea Shanty Xmas	Sea Shanty Xmas	during a Christmas event.	186	210	15,12
3029	Sea Shanty 2	Sea Shanty 2	in Port Sarim.	213	35	4,11
3030	Sea Minor Shanty	Sea Minor Shanty	during a Halloween event.	170	683	20,26
3031	Serenade	Serenade	north west of Yanille.	313	110	4,12
3032	Serene	Serene	at the Air Altar.	306	52	4,13
3033	Settlement	Settlement	at the Mountain Camp.	486	356	9,23
3034	Shadowland	Shadowland	in Mort'ton.	423	286	8,4
3035	Militia, The	The Militia	in Shayzien.	375	449	5,22
3036	Military Life	Military Life	in the Shayzien Encampment.	436	695	21,7
3037	Forests of Shayzien, The	The Forests of Shayzien	west of Shayzien.	331	706	21,15
3038	Walking Dead, The	The Walking Dead	in the Shayzien Crypts.	392	551	17,29
3039	March of the Shayzien	March of the Shayzien	in the Lizardman Canyon.	464	488	17,6
3040	Shine	Shine	at the Mage Training Arena.	264	122	4,14
3041	Shining	Shining	in the Wilderness.	396	120	6,0
3042	Shining Spirit	Shining Spirit	in the Corporeal Beast cave.	512	429	16,24
3043	Shipwrecked	Shipwrecked	at the shipwreck east of Fenkenstrain's Castle.	370	353	9,20
3044	Showdown	Showdown	during the Monkey Madness quest.	333	311	8,21
3045	Sigmund's Showdown	Sigmund's Showdown	during the Death to the Dorgeshuun quest.	352	640	14,15
3046	Invader	Invader	while fighting the Abyssal Sire.	662	441	12,23
3047	Everlasting Slumber, The	The Everlasting Slumber	in the Slepe Dungeon.	628	664	20,14
3048	Slice of Silent Movie	Slice of Silent Movie	during the Another Slice of H.A.M quest.	345	281	15,29
3049	Slice of Station	Slice of Station	at the Dorgesh-Kaan Train station.	345	275	15,24
3050	Slither and Thither	Slither and Thither	during the Royal Trouble quest.	216	510	12,7
3051	Slug a Bug Ball	Slug a Bug Ball	during The Slug Menace quest.	368	201	14,29
3052	Sojourn	Sojourn	in southern Troll Country.	368	257	7,17
3053	Sorceress's Garden	Sorceress's Garden	in the Sorceress's Garden.	145	232	22,16
3054	Dark Beast Sotetseg, The	The Dark Beast Sotetseg	in the Theatre of Blood.	605	584	18,14
3055	Power of the Shadow Realm	Power of the Shadow Realm	in the Theatre of Blood.	755	581	18,15
3056	Soul Wars	Soul Wars	during the Soul Wars minigame.	511	685	20,29
3057	Soul Fall	Soul Fall	north east of Arceuus.	394	444	5,28
3058	Soundscape	Soundscape	north west of Yanille.	337	80	4,15
3059	Safety in Numbers	Safety in Numbers	during the A Porcine of Interest quest.	300	681	20,24
3060	Sphinx	Sphinx	in the Kharidian Desert.	456	387	10,14
3061	Spirit	Spirit	in Varrock.	391	175	4,16
3062	Spirits of the Elid	Spirits of the Elid	during the Spirits of the Elid quest.	636	462	11,11
3063	Splendour	Splendour	in Taverley.	371	77	4,17
3064	Spooky	Spooky	in Draynor Manor.	381	333	4,18
3065	Spooky 2	Spooky 2	in the Haunted Mine.	378	11	7,26
3066	Spooky Jungle	Spooky Jungle	in the Kharazi Jungle.	295	129	4,19
3067	Spy Games	Spy Games	somewhere.	357	619	
3068	Spymaster, The	The Spymaster	during the Contact! quest.	254	728	22,21
3069	Stagnant	Stagnant	in Mort Myre Swamp.	427	241	7,1
3070	Stand Up and Be Counted	Stand Up and Be Counted	during the Song of the Elves quest.	422	656	20,0
3071	Starlight	Starlight	in the Asgarnia Ice Dungeon.	321	108	4,20
3072	Start	Start	in Draynor Village.	275	151	4,21
3073	Still Night	Still Night	in the area around Varrock.	289	111	4,22
3074	Stillness	Stillness	during the In Search of the Myreque quest.	569	319	8,26
3075	Storm Brew	Storm Brew	on the Killerwatt plane.	294	568	13,8
3076	Stranded	Stranded	at the Ice Path.	493	292	8,10
3077	Strange Place	Strange Place	during the A Tail of Two Cats quest.	456	470	11,17
3078	Stratosphere	Stratosphere	at the Cosmic Altar.	387	243	7,3
3079	Strength of Saradomin	Strength of Saradomin	in the God Wars Dungeon.	350	391	16,11
3080	Stuck in the Mire	Stuck in the Mire	in Kebos Swamp.	673	607	19,4
3081	Subterranea	Subterranea	in the Waterbirth Island Dungeon.	461	517	12,10
3082	Sunburn	Sunburn	in the Kharidian Desert.	497	267	7,23
3083	Superstition	Superstition	during the Legends' Quest.	441	265	9,5
3084	Surok's Theme	Surok's Theme	during the What Lies Below quest.	327	250	22,1
3085	Suspicious	Suspicious	during the Monkey Madness quest.	418	308	8,20
3086	Tale of Keldagrim	Tale of Keldagrim	in Keldagrim.	390	395	10,21
3087	Talking Forest	Talking Forest	in Seers' Village.	250	140	4,23
3088	Tarn Razorlor	Tarn Razorlor	during the Lair of Tarn Razorlor miniquest.	281	215	22,3
3089	Tears of Guthix	Tears of Guthix	during the Tears of Guthix minigame.	668	397	10,23
3090	Technology	Technology	during the Monkey Madness quest.	523	296	8,14
3091	Temple	Temple	in the Temple of Marimbo Dungeon.	597	307	8,19
3092	Temple of Light	Temple of Light	during the Mourning's End Part II quest.	630	376	10,6
3093	Temple of the Eye	Temple of the Eye	during the Temple of the Eye quest.	602	719	21,27
3094	Temple of Tribes	Temple of Tribes	during the Land of the Goblins quest.	494	717	21,24
3095	Tempoross	Tempor of the Storm	while fighting Tempoross.	680	688	20,31
3096	Terrible Caverns, The	The Terrible Caverns	during the Sins of the Father quest.	413	667	20,11
3097	Terrible Tunnels, The	The Terrible Tunnels	during the Sins of the Father quest.	512	675	20,12
3098	That Sullen Hall	That Sullen Hall	in Cerberus's Lair.	638	440	16,27
3099	Adventurer, The	The Adventurer	somewhere.	466	401	
3100	Angel's Fury, The	The Angel's Fury	in the God Wars Dungeon.	430	711	21,21
3101	Cellar Dwellers, The	The Cellar Dwellers	in the Ardougne sewers.	516	478	11,22
3102	Chosen, The	The Chosen	during the Recruitment Drive quest.	432	425	11,4
3103	Fragment, The	The Fragment	during the Song of the Elves quest.	468	652	20,2
3104	Depths, The	The Depths	during the Contact! quest.	516	606	13,24
3105	Desert, The	The Desert	in the Kharidian Desert.	886	79	4,24
3106	Desolate Isle, The	The Desolate Isle	on Waterbirth Island.	650	461	11,10
3107	Enchanter, The	The Enchanter	in the Enchantment Chamber in the Mage Training Arena.	418	541	12,24
3108	Far Side, The	The Far Side	in the Rogues' Den minigame.	392	403	10,26
3109	Galleon, The	The Galleon	during the Lunar Diplomacy quest.	388	630	14,12
3110	Genie, The	The Genie	during the Spirits of the Elid quest.	436	464	11,12
3111	Golem, The	The Golem	in the Ruins of Uzer.	541	377	10,7
3112	Last Shanty, The	The Last Shanty	in Meiyerditch.	400	643	14,16
3113	Lost Melody, The	The Lost Melody	in the Dorgesh-Kaan mine.	348	407	10,27
3114	Lost Tribe, The	The Lost Tribe	in the Dorgesh-Kaan mine.	372	420	11,2
3115	Lunar Isle, The	The Lunar Isle	on Lunar Isle.	363	625	14,4
3116	Mad Mole, The	The Mad Mole	while fighting the Giant Mole.	365	573	13,9
3117	Mollusc Menace, The	The Mollusc Menace	in Witchaven.	320	200	14,11
3118	Monsters Below, The	The Monsters Below	in the Waterbirth Island Dungeon.	396	448	11,9
3119	Navigator, The	The Navigator	during The Fremennik Trials quest.	564	316	8,31
3120	Noble Rodent, The	The Noble Rodent	during the Ratcatchers quest.	320	485	11,26
3121	Other Side, The	The Other Side	in Port Phasmatys.	547	355	9,22
3122	Power of Tears, The	The Power of Tears	during the Tears of Guthix minigame.	233	398	10,31
3123	Quizmaster, The	The Quizmaster	during the Quiz Master random event.	421	413	10,30
3124	Rogues Den, The	The Rogues' Den	in the Rogues' Den minigame.	520	402	10,25
3125	Shadow, The	The Shadow	during the Dragon Slayer I quest.	297	170	4,25
3126	Slayer, The	The Slayer	in the Fremennik Slayer Dungeon.	344	341	9,13
3127	Terrible Tower, The	The Terrible Tower	in the Slayer Tower.	469	339	9,11
3128	Tower, The	The Tower	in East Ardougne.	294	133	4,26
3129	Tower of Voices, The	The Tower of Voices	in Prifddinas.	715	648	19,19
3130	Trade Parade, The	The Trade Parade	at the Grand Exchange.	454	496	11,30
3131	Theme	Theme	during the Waterfall Quest.	339	109	4,27
3132	Welcome to the Theatre	Welcome to the Theatre	at Ver Sinhaza.	800	556	18,8
3133	Thrall of the Serpent	Thrall of the Serpent	in Zul-Andra.	585	433	13,12
3134	Throne of the Demon	Throne of the Demon	during the Shadow of the Storm quest.	590	379	10,9
3135	Time Out	Time Out	during the Maze random event.	307	242	7,4
3136	Time to Mine	Time to Mine	during the Between a Rock quest.	478	369	10,1
3137	Tiptoe	Tiptoe	in Draynor Manor.	467	338	9,10
3138	Title Fight	Title Fight	in the Champions' Challenge area.	306	525	12,15
3139	Beneath Cursed Sands	Beneath Cursed Sands	in the Tombs of Amascut.	518	730	22,29
3140	Sands of Time	Sands of Time	in the Tombs of Amascut.	770	739	23,4
3141	Ape-ex Predator	Ape-ex Predator	in the Tombs of Amascut.	656	740	23,5
3142	Mother's Curse, A	A Mother's Curse	in the Tombs of Amascut.	622	737	23,3
3143	Amascut's Promise	Amascut's Promise	in the Tombs of Amascut.	938	735	23,7
3144	Jaws of Gluttony	Jaws of Gluttony	in the Tombs of Amascut.	566	736	23,6
3145	Into the Tombs	Into the Tombs	in the Tombs of Amascut.	719	734	22,28
3146	Test of Companionship	Test of Companionship	in the Tombs of Amascut.	509	741	23,1
3147	Test of Resourcefulness	Test of Resourcefulness	in the Tombs of Amascut.	439	733	23,2
3148	Test of Strength	Test of Strength	in the Tombs of Amascut.	720	732	23,0
3149	Test of Isolation	Test of Isolation	in the Tombs of Amascut.	432	738	22,31
3150	Laid to Rest	Laid to Rest	in the Tombs of Amascut.	563	731	22,30
3151	Tomb Raider	Tomb Raider	in the Pyramid Plunder minigame.	555	591	13,18
3152	Tomorrow	Tomorrow	south of Port Sarim.	262	105	6,3
3153	Too Many Cooks...	Too Many Cooks...	during the Recipe for Disaster quest.	340	386	13,14
3154	Trahaearn Toil	Trahaearn Toil	in Prifddinas.	537	649	19,25
3155	Trawler	Trawler	during the Fishing Trawler minigame.	435	38	4,28
3156	Trawler Minor	Trawler Minor	during the Fishing Trawler minigame.	285	51	4,29
3157	Tree Spirits	Tree Spirits	north west of Ardougne.	401	130	4,30
3158	Tremble	Tremble	in southern Troll Country.	342	187	6,29
3159	Tribal	Tribal	on Karamja.	219	165	5,0
3160	Tribal Background	Tribal Background	in Tai Bwo Wannai.	354	162	4,31
3161	Tribal 2	Tribal 2	on Karamja.	380	94	5,1
3162	Trinity	Trinity	in the Legends' Guild.	372	192	5,2
3163	Troll Shuffle	Troll Shuffle	during the Making Friends with My Arm quest.	587	592	18,25
3164	Trouble Brewing	Trouble Brewing	during the Trouble Brewing minigame.	265	611	13,26
3165	Troubled	Troubled	in the Wilderness.	378	183	5,3
3166	Troubled Waters	Troubled Waters	at the Kraken Cove.	337	421	16,15
3167	Twilight	Twilight	during the Elemental Workshop I quest.	535	88	6,19
3168	TzHaar!	TzHaar!	in the TzHaar Fight Cave.	367	473	11,19
3169	Ruins of Isolation	Ruins of Isolation	in the Ruins of Ullek.	574	725	22,23
3170	Undead Dungeon	Undead Dungeon	in Tarn's Lair.	330	214	15,23
3171	Undercurrent	Undercurrent	in the Wilderness.	543	176	6,10
3172	Underground	Underground	in the Wilderness.	362	179	5,4
3173	Understanding	Understanding	at the Nature Altar.	310	131	6,27
3174	Unknown Land	Unknown Land	in Draynor Village.	209	3	5,5
3175	Untouchable	Untouchable	during the Dream Mentor quest.	327	300	16,6
3176	Underground Pass	Underground Pass	during the Underground Pass quest.	418	323	5,6
3177	Upcoming	Upcoming	south of Ardougne.	315	70	5,7
3178	Upir Likhyi	Upir Likhyi	during the Sins of the Father quest.	605	672	20,10
3179	Upper Depths	Upper Depths	in the Chambers of Xeric.	417	492	17,10
3180	Vanescula	Vanescula	during the A Taste of Hope quest.	267	562	18,6
3181	Vampyre Assault	Vampyre Assault	during the In Aid of the Myreque quest.	315	678	20,19
3182	Venomous	Venomous	in the Wilderness.	342	721	22,19
3183	Venture	Venture	at the Digsite.	188	75	5,8
3184	Venture 2	Venture 2	during The Digsite quest.	335	45	6,8
3185	It's not over 'til...	It's not over 'til...	in the Theatre of Blood.	430	566	18,16
3186	Fat Lady Sings, The	The Fat Lady Sings	in the Theatre of Blood.	681	572	18,17
3187	Curtain Closes, The	The Curtain Closes	in the Theatre of Blood.	715	582	18,18
3188	Victory is Mine	Victory is Mine	during the Champions' Challenge minigame.	316	528	12,16
3189	Village	Village	in Canifis.	358	61	6,22
3190	Vision	Vision	at the Wizards' Tower.	284	85	5,9
3191	Volcanic Vikings	Volcanic Vikings	on Neitiznot.	333	225	14,24
3192	Voodoo Cult	Voodoo Cult	during the Legends' Quest.	533	30	5,10
3193	Voyage	Voyage	north of Ardougne.	297	32	5,11
3194	Waiting Game, The	The Waiting Game	in the Soul Wars lobby.	468	686	20,28
3195	Waking Dream	Waking Dream	during the Lunar Diplomacy quest.	326	622	14,2
3196	Wally the Hero	Wally the Hero	during the Demon Slayer quest.	130	196	22,15
3197	Wander	Wander	in Draynor Village.	346	49	5,12
3198	Warpath	Warpath	during the Clan Wars minigame.	475	427	16,23
3199	Song of the Elves	Song of the Elves	during the Song of the Elves quest.	587	645	19,29
3200	What Happens Below...	What Happens Below...	in the Warrens.	332	703	21,17
3201	Warrior	Warrior	during The Fremennik Trials quest.	330	295	8,13
3202	Warriors' Guild	Warriors' Guild	at the Warriors' Guild.	314	634	14,7
3203	Doors of Dinh, The	The Doors of Dinh	in the Northern Tundras.	513	477	4,7
3204	Waterfall	Waterfall	north of Ardougne.	234	82	5,13
3205	Waterlogged	Waterlogged	in Mort Myre Swamp.	485	244	7,7
3206	Way of the Enchanter	Way of the Enchanter	in the Lunar Isle mine.	356	626	14,6
3207	Way of the Wyrm	Way of the Wyrm	in the Karuulm Slayer Dungeon.	553	595	18,29
3208	Wayward	Wayward	in the Jiggig dungeon.	563	394	10,20
3209	We are the Fairies	We are the Fairies	during the Fairytale II - Cure a Queen quest.	469	126	14,18
3210	Lumbering	Lumbering	in Weiss.	630	590	18,24
3211	Well of Voyage	Well of Voyage	during the Regicide quest.	324	271	7,29
3212	Morytanian Mystery	Morytanian Mystery	during the Darkness of Hallowvale quest.	314	676	20,18
3213	Where Eagles Lair	Where Eagles Lair	during the Eagles' Peak quest.	379	620	15,0
3214	Wild Isle	Wild Isle	in the Wilderness.	187	189	6,6
3215	Wild Side	Wild Side	in the Wilderness.	527	475	11,20
3216	Wilderness	Wilderness	in the Wilderness.	353	435	5,14
3217	Revenants	Revenants	in the Revenant Caves.	464	521	17,21
3218	Wilderness 2	Wilderness 2	in the Wilderness.	301	42	5,15
3219	Wilderness 3	Wilderness 3	in the Wilderness.	182	43	5,16
3220	Wildwood	Wildwood	in the Wilderness.	344	8	9,0
3221	Winter Funfair	Winter Funfair	during a Christmas event.	434	526	17,24
3222	Ice and Fire	Ice and Fire	while fighting the Wintertodt.	342	483	17,3
3223	Witching	Witching	in the Wilderness.	161	14	5,17
3224	Woe of the Wyvern	Woe of the Wyvern	in the Asgarnian Ice Dungeon.	388	529	12,17
3225	Wonder	Wonder	in the Wilderness.	335	34	5,18
3226	Wonderous	Wonderous	south of Seers' Village.	387	81	5,19
3227	Woodland	Woodland	in Isafdar.	340	255	7,14
3228	Walk in the Woods, A	A Walk in the Woods	in the Kourend Woodland.	175	636	19,1
3229	Work, Work, Work	Work	 Work	 Work	during the Tower of Life quest.	525	237	15,2
3230	Workshop	Workshop	in Falador.	419	15	5,20
3231	Wrath and Ruin	Wrath and Ruin	in Tolna's Rift.	383	565	13,7
3232	Part Where You Die, The	The Part Where You Die	during the A Kingdom Divided quest.	514	698	21,9
3233	Predator Xarpus	Predator Xarpus	in the Theatre of Blood.	500	567	18,21
3234	Last King of the Yarasa	Last King of the Yarasa	in the Theatre of Blood.	708	564	18,22
3235	Xenophobe	Xenophobe	in the Waterbirth Island Dungeon.	291	524	12,14
3236	Festive Party, A	A Festive Party	during a Christmas event.	326	708	21,18
3237	Yesteryear	Yesteryear	in Lumbridge.	397	145	6,1
3238	Spurned Demon, The	The Spurned Demon	while fighting Zalcano.	725	662	19,27
3239	Zamorak Zoo	Zamorak Zoo	in the God Wars Dungeon.	307	399	16,10
3240	Zanik's Theme	Zanik's Theme	during the Land of the Goblins quest.	279	716	21,25
3241	Zaros Zeitgeist	Zaros Zeitgeist	in the God Wars Dungeon.	754	710	21,20
3242	Zealot	Zealot	at the Water Altar.	402	146	6,12
3243	Zogre Dance	Zogre Dance	south of Castle Wars.	530	392	10,18
3244	On Thin Ice	On Thin Ice	during the Dragon Slayer II quest.	504	536	17,28
3245	Zombiism	Zombiism	on Harmony Island.	384	238	15,19
3246	Old Ones, The	The Old Ones	during The Garden of Death quest.	320	729	23,8
3247	Secrets of the North	Secrets of the North	during the Secrets of the North quest.	522	743	23,9
3248	In the Shadows	In the Shadows	during the Secrets of the North quest.	285	744	23,10
3249	More Than Meets the Eye	More Than Meets the Eye	during the Secrets of the North quest.	591	742	23,11
3358	Vault, The	The Vault	during the Desert Treasure II - The Fallen Empire quest.	232	762	23,12
3359	Fallen Empire, The	The Fallen Empire	during the Desert Treasure II - The Fallen Empire quest.	527	756	23,13
3360	Prison Break	Prison Break	during the Desert Treasure II - The Fallen Empire quest.	355	759	23,14
3361	Scar Tissue	Scar Tissue	during the Desert Treasure II - The Fallen Empire quest.	683	745	23,15
3362	Worthy Foe, A	A Worthy Foe	during the Desert Treasure II - The Fallen Empire quest.	717	747	23,16
3363	Colossus of the Deep	Colossus of the Deep	during the Desert Treasure II - The Fallen Empire quest.	702	750	23,17
3364	Eye See You	Eye See You	during the Desert Treasure II - The Fallen Empire quest.	712	763	23,18
3365	Blood Rush	Blood Rush	during the Desert Treasure II - The Fallen Empire quest.	437	761	23,19
3366	Song of the Silent Choir	Song of the Silent Choir	during the Desert Treasure II - The Fallen Empire quest.	768	749	23,20
3367	Unturned Stones	Unturned Stones	during the Desert Treasure II - The Fallen Empire quest.	222	757	23,21
3368	Master of Puppets	Master of Puppets	during the Desert Treasure II - The Fallen Empire quest.	430	752	23,22
3369	His Faithful Servants	His Faithful Servants	during the Desert Treasure II - The Fallen Empire quest.	430	746	23,23
3370	Tick Tock	Tick Tock	during the Desert Treasure II - The Fallen Empire quest.	192	748	23,24
3371	Tick Tock	Tick Tock	during the Desert Treasure II - The Fallen Empire quest.	624	760	
3372	Tick Tock	Tick Tock	during the Desert Treasure II - The Fallen Empire quest.	624	758	
3373	Tick Tock	Tick Tock	during the Desert Treasure II - The Fallen Empire quest.	624	751	
3374	Tick Tock	Tick Tock	during the Desert Treasure II - The Fallen Empire quest.	624	754	
3375	Tick Tock	Tick Tock	during the Desert Treasure II - The Fallen Empire quest.	624	755	
3376	Tick Tock	Tick Tock	during the Desert Treasure II - The Fallen Empire quest.	624	753	
3415				527	765	
3416	Strangled	Strangled	during the Desert Treasure II - The Fallen Empire quest.	406	764	23,25
3419	Bolrie's Diary	Bolrie's Diary	during The Path of Glouphrie quest.	271	769	23,26
3420	Healin' Feelin'	Healin' Feelin'	during The Path of Glouphrie quest.	228	767	23,27
3421	Longramble Scramble, The	The Longramble Scramble	during The Path of Glouphrie quest.	473	771	23,28
3422	Storeroom Shuffle	Storeroom Shuffle	during The Path of Glouphrie quest.	364	772	23,29
3423	Terrorbird Tussle	Terrorbird Tussle	during The Path of Glouphrie quest.	537	768	23,30
3424	Waste Defaced	Waste Defaced	during The Path of Glouphrie quest.	398	770	23,31
3445	Dot's Yuletide	Dot's Yuletide	during a Christmas event.	190	773	24,0
3447	Children of the Sun	Children of the Sun	during the Children of the Sun quest.	198	776	24,1
3448	Plots and Plans	Plots and Plans	during the Children of the Sun quest.	182	774	24,2
3449	Burning Sun, The	The Burning Sun	during the Children of the Sun quest.	180	775	24,3
3463	Undead Army	Undead Army	during the Defender of Varrock quest.	423	779	24,5
3464	Dream Theatre, The	The Dream Theatre	during the Defender of Varrock quest.	453	780	24,6
3465	Zombie Invasion	Zombie Invasion	during the Defender of Varrock quest.	512	778	24,7
3470	City of Sun, The	The City of Sun	in Civitas illa Fortis.	435	787	24,8
3471	Undying Light, The	The Undying Light	in the Avium Savannah.	398	783	24,9
3472	Guidance of Ralos, The	The Guidance of Ralos	on Ralos' Rise.	750	766	24,10
3473	Under the Mountain	Under the Mountain	in Cam Torum.	369	784	24,11
3474	Ready for the Hunt	Ready for the Hunt	in the Hunter Guild.	403	781	24,12
3475	Are You Not Entertained?	Are You Not Entertained?	in the Fortis Colosseum.	549	782	24,13
3476	Moons of Ruin, The	The Moons of Ruin	during the Perilous Moons quest.	542	786	24,14
3527	Sunny Side Up	Sunny Side Up	during an Easter event.	269	788	24,16
3598	Black of Knight	Black of Knight	during the While Guthix Sleeps quest.	306	798	24,17
3599	Dangerous Logic	Dangerous Logic	during the While Guthix Sleeps quest.	343	795	24,18
3600	Temple Desecrated	Temple Desecrated	during the While Guthix Sleeps quest.	400	792	24,19
3601	Evil Within, The	The Evil Within	during the While Guthix Sleeps quest.	351	790	24,20
3602	Kin, The	The Kin	after completing the While Guthix Sleeps and Dragon Slayer II quests.	216	793	24,21
3603	Kin, The	The Kin	after completing the While Guthix Sleeps and Dragon Slayer II quests.	216	794	
3604	Route of All Evil, The	The Route of All Evil	during the While Guthix Sleeps quest.	302	797	24,22
3605	Sound of Guthix, The	The Sound of Guthix	during the While Guthix Sleeps quest.	421	791	24,23
3606	Sound of Guthix, The	The Sound of Guthix	during the While Guthix Sleeps quest.	421	796	
3607	Incarceration	Incarceration	during the While Guthix Sleeps quest.	355	789	24,24
3608	Route of the Problem, The	The Route of the Problem	during the While Guthix Sleeps quest.	340	799	24,25
3675	Noxious Awakening	Noxious Awakening	while fighting Araxxor.	603	800	24,26
3733	Stones of Old	Stones of Old	in Quetzacalli Gorge.	391	802	24,27
3734	Emissaries of Twilight	Emissaries of Twilight	at the Twilight Temple.	546	809	24,28
3735	Isle of Serenity	Isle of Serenity	on Aldarin.	397	805	24,29
3736	Mistrock	Mistrock	in Mistrock.	404	806	24,30
3737	Varlamore's Sunset	Varlamore's Sunset	in Sunset Coast.	330	803	24,31
3738	Guardian of Tapoyauik, The	The Guardian of Tapoyauik	during The Heart of Darkness quest.	570	807	25,0
3739	Feathered Serpent, The	The Feathered Serpent	while fighting the Hueycoatl.	542	801	25,1
3740	Peace and Prosperity	Peace and Prosperity	on Aldarin.	355	804	25,2
3741	Creatures of Varlamore	Creatures of Varlamore	in the Avium Savannah.	435	808	25,4
3743	Prospering Fortune	Prospering Fortune	in Civitas illa Fortis.	398	811	25,5
3744	Whispering Wind	Whispering Wind	in the mountains around Quetzacalli Gorge.	425	813	25,6
3745	Matter of Intrigue, A	A Matter of Intrigue	during the Twilight's Promise quest.	182	810	25,3
3813	Lost to Time	Lost to Time	during The Heart of Darkness or Perilous Moons quest.	486	785	24,15
3969	Lamistard's Labyrinth	Lamistard's Labyrinth	during The Curse of Arrav quest.	416	814	25,7
3970	North, The	The North	during The Curse of Arrav quest.	548	817	25,8
3971	Heist, The	The Heist	during The Curse of Arrav quest.	477	816	25,9
3972	Heavy Security	Heavy Security	during The Curse of Arrav quest.	169	815	25,10
3973	Plundered Tomb, The	The Plundered Tomb	during The Curse of Arrav quest.	390	812	25,11
4969	All the Trimmings	All the Trimmings	during a Christmas event.	316	858	26,17
5154	Sign Here	Sign Here	while fighting Yama.	573	280	25,12
5377	Call of the Tlati	Call of the Tlati	in the Tlati Rainforest.	379	825	25,13
5378	Spiritbloom	Spiritbloom	in the Auburn Valley.	377	822	25,14
5379	Spirit of the Forest	Spirit of the Forest	in the Auburn Valley.	409	829	25,15
5380	Talkasti People, The	The Talkasti People	in Kastori.	305	827	25,16
5381	Teklan	Teklan	in Tal Teklan.	323	818	25,17
5382	Rising Sun, The	The Rising Sun	during The Heart of Darkness quest.	238	823	25,18
5383	Setting Sun, The	The Setting Sun	during The Final Dawn quest.	410	821	25,19
5384	Truth	Truth	during The Final Dawn quest.	759	824	25,20
5385	Scorching Horizon	Scorching Horizon	in the Avium Savannah.	283	137	25,21
5386	Over the Mountains	Over the Mountains	in the Custodia Mountains.	366	826	25,22
5387	Desolate Past, A	A Desolate Past	during The Final Dawn quest.	378	820	25,23
5388	Doom, The	The Doom	while fighting the Doom of Mokhaiotl.	964	828	25,24
5389	Stalkers	Stalkers	during the Shadows of Custodia quest.	359	819	25,25
7073	All Aboard	All Aboard	in the Ardent Ocean.	355	833	25,26
7074	Set Sail	Set Sail	in the Ardent Ocean.	325	834	25,27
7075	Crashing Waves	Crashing Waves	in the Unquiet Ocean.	317	853	25,28
7076	Remote Waters	Remote Waters	in the Unquiet Ocean.	314	854	25,29
7077	Into the Blue	Into the Blue	in the Shrouded Ocean.	369	849	25,30
7078	Eternal Waves, The	The Eternal Waves	in the Shrouded Ocean.	336	850	25,31
7079	Great North, The	The Great North	in the Northern Ocean.	369	846	26,0
7080	Echoes of the North	Echoes of the North	in the Northern Ocean.	428	847	26,1
7081	Western Seas, The	The Western Seas	in the Western Ocean.	386	855	26,2
7082	Sailor's Dream, A	A Sailor's Dream	in the Western Ocean.	331	856	26,3
7083	Over the Horizon	Over the Horizon	in the Sunset Ocean.	369	851	26,4
7084	Shadow of the Ocean	Shadow of the Ocean	in the Sunset Ocean.	365	852	26,5
7085	Test Your Sails	Test Your Sails	during a Barracuda Trial.	541	835	26,6
7086	Tranquillity	Tranquillity	on various islands out at sea.	385	836	26,7
7087	Mysterious Lands	Mysterious Lands	on various islands out at sea.	372	845	26,8
7088	Lurking Threats	Lurking Threats	on various islands out at sea.	354	838	26,9
7089	Life at Sea	Life at Sea	on various islands out at sea.	376	844	26,10
7090	What the Shell!	What the Shell!	during the Troubled Tortugans quest.	554	842	26,11
7091	Honkytonky Sea Shanty 2	Honkytonky Sea Shanty 2	during the Pandemonium quest.	193	843	26,12
7092	Yo Ho Ho!	Yo Ho Ho!	during the Pandemonium quest.	449	857	26,13
7093	Tortugan Way, The	The Tortugan Way	during the Troubled Tortugans quest.	379	839	26,14
7094	Elder Wisdom	Elder Wisdom	during the Troubled Tortugans quest.	457	840	26,15
7095	Below the Conch	Below the Conch	during the Troubled Tortugans quest.	328	841	26,16
7096	Scape Sail	Scape Sail	automatically.	297	848	27,1
8662	Boss Moosic	Boss Moosic	during The Ides of Milk quest.	272	859	27,3
16223	Boat 'Em Up	Boat 'Em Up	during The Red Reef quest.	295	862	27,4
16224	Business as Unusual	Business as Unusual	during The Red Reef quest.	467	861	27,5
16225	Ocean Depths	Ocean Depths	during The Red Reef quest.	606	860	27,6
16226	Cannonballin'	Cannonballin'	during The Red Reef quest.	249	863	27,7
16393	Solitude	Solitude	during The Blood Moon Rises quest.	364	883	27,8
16394	I'm Sorry	I'm Sorry	during The Blood Moon Rises quest.	567	884	27,9
16395	Hunted	Hunted	during The Blood Moon Rises quest.	379	867	27,10
16396	Blood Moon Rises, The	The Blood Moon Rises	during The Blood Moon Rises quest.	591	868	27,11
16397	Home	Home	during The Blood Moon Rises quest.	650	869	27,12
16398	Home	Home	during The Blood Moon Rises quest.	607	870	
16399	Lord of the Larvae	Lord of the Larvae	while fighting the Maggot King.	565	880	27,13
16400	Dawn	Dawn	during The Blood Moon Rises quest.	350	878	27,14
16401	Memories of the Myreque	Memories of the Myreque	during The Blood Moon Rises quest.	390	879	27,15
16402	Bridge, The	The Bridge	during The Blood Moon Rises quest.	206	876	27,16
16403	Bridge, The	The Bridge	during The Blood Moon Rises quest.	200	877	
16404	Hunted	Hunted	during The Blood Moon Rises quest.	349	872	
16405	Hunted	Hunted	during The Blood Moon Rises quest.	306	873	
16406	Hunted	Hunted	during The Blood Moon Rises quest.	306	874	
16407	Hunted	Hunted	during The Blood Moon Rises quest.	349	875	
16408	Gathering	Gathering	during The Blood Moon Rises quest.	358	871	27,17
16409	Prey	Prey	during The Blood Moon Rises quest.	314	882	27,18
16410	Castle Drakan	Castle Drakan	during The Blood Moon Rises quest.	373	866	27,19
16411	Remnants	Remnants	during The Blood Moon Rises quest.	273	881	27,20
16412	You Have My Attention	You Have My Attention	during the Sins of the Father quest.	260	865	
