raid,attack_index,tick,attack_id,attack
0040a5bf-747d-4261-87b2-d3bdfeb4d654,0,9,1,blackstorm
0040a5bf-747d-4261-87b2-d3bdfeb4d654,1,19,2,blood_throw
0040a5bf-747d-4261-87b2-d3bdfeb4d654,2,29,1,blackstorm
0040a5bf-747d-4261-87b2-d3bdfeb4d654,3,39,1,blackstorm
0040a5bf-747d-4261-87b2-d3bdfeb4d654,4,49,2,blood_throw
0040a5bf-747d-4261-87b2-d3bdfeb4d654,5,59,1,blackstorm
0040a5bf-747d-4261-87b2-d3bdfeb4d654,6,69,1,blackstorm
0040a5bf-747d-4261-87b2-d3bdfeb4d654,7,79,2,blood_throw
0040a5bf-747d-4261-87b2-d3bdfeb4d654,8,89,1,blackstorm
0040a5bf-747d-4261-87b2-d3bdfeb4d654,9,99,1,blackstorm
0040a5bf-747d-4261-87b2-d3bdfeb4d654,10,109,2,blood_throw
0040a5bf-747d-4261-87b2-d3bdfeb4d654,11,119,1,blackstorm
0040a5bf-747d-4261-87b2-d3bdfeb4d654,12,129,1,blackstorm
0040a5bf-747d-4261-87b2-d3bdfeb4d654,13,139,2,blood_throw
0040a5bf-747d-4261-87b2-d3bdfeb4d654,14,149,1,blackstorm
0040a5bf-747d-4261-87b2-d3bdfeb4d654,15,159,1,blackstorm
0040a5bf-747d-4261-87b2-d3bdfeb4d654,16,169,1,blackstorm
0040a5bf-747d-4261-87b2-d3bdfeb4d654,17,179,1,blackstorm
0040a5bf-747d-4261-87b2-d3bdfeb4d654,18,189,2,blood_throw
0040a5bf-747d-4261-87b2-d3bdfeb4d654,19,199,1,blackstorm
022818d8-fd8c-46ef-8eb2-3319b641554c,0,9,1,blackstorm
022818d8-fd8c-46ef-8eb2-3319b641554c,1,19,2,blood_throw
022818d8-fd8c-46ef-8eb2-3319b641554c,2,29,1,blackstorm
022818d8-fd8c-46ef-8eb2-3319b641554c,3,39,1,blackstorm
022818d8-fd8c-46ef-8eb2-3319b641554c,4,49,1,blackstorm
022818d8-fd8c-46ef-8eb2-3319b641554c,5,59,1,blackstorm
022818d8-fd8c-46ef-8eb2-3319b641554c,6,69,1,blackstorm
022818d8-fd8c-46ef-8eb2-3319b641554c,7,79,1,blackstorm
022818d8-fd8c-46ef-8eb2-3319b641554c,8,89,2,blood_throw
022818d8-fd8c-46ef-8eb2-3319b641554c,9,99,1,blackstorm
022818d8-fd8c-46ef-8eb2-3319b641554c,10,109,1,blackstorm
022818d8-fd8c-46ef-8eb2-3319b641554c,11,119,1,blackstorm
022818d8-fd8c-46ef-8eb2-3319b641554c,12,129,1,blackstorm
022818d8-fd8c-46ef-8eb2-3319b641554c,13,139,1,blackstorm
022818d8-fd8c-46ef-8eb2-3319b641554c,14,149,1,blackstorm
022818d8-fd8c-46ef-8eb2-3319b641554c,15,159,1,blackstorm
022818d8-fd8c-46ef-8eb2-3319b641554c,16,169,1,blackstorm
022818d8-fd8c-46ef-8eb2-3319b641554c,17,179,2,blood_throw
029e4be8-0a1c-4a60-8538-7796e0d6c754,0,9,2,blood_throw
029e4be8-0a1c-4a60-8538-7796e0d6c754,1,19,1,blackstorm
029e4be8-0a1c-4a60-8538-7796e0d6c754,2,29,1,blackstorm
029e4be8-0a1c-4a60-8538-7796e0d6c754,3,39,1,blackstorm
029e4be8-0a1c-4a60-8538-7796e0d6c754,4,49,2,blood_throw
029e4be8-0a1c-4a60-8538-7796e0d6c754,5,59,1,blackstorm
029e4be8-0a1c-4a60-8538-7796e0d6c754,6,69,1,blackstorm
029e4be8-0a1c-4a60-8538-7796e0d6c754,7,79,1,blackstorm
029e4be8-0a1c-4a60-8538-7796e0d6c754,8,89,1,blackstorm
029e4be8-0a1c-4a60-8538-7796e0d6c754,9,99,1,blackstorm
029e4be8-0a1c-4a60-8538-7796e0d6c754,10,109,1,blackstorm
029e4be8-0a1c-4a60-8538-7796e0d6c754,11,119,1,blackstorm
029e4be8-0a1c-4a60-8538-7796e0d6c754,12,129,1,blackstorm
029e4be8-0a1c-4a60-8538-7796e0d6c754,13,139,1,blackstorm
029e4be8-0a1c-4a60-8538-7796e0d6c754,14,149,2,blood_throw
029e4be8-0a1c-4a60-8538-7796e0d6c754,15,159,1,blackstorm
029e4be8-0a1c-4a60-8538-7796e0d6c754,16,169,1,blackstorm
029e4be8-0a1c-4a60-8538-7796e0d6c754,17,179,1,blackstorm
029e4be8-0a1c-4a60-8538-7796e0d6c754,18,189,1,blackstorm
029e4be8-0a1c-4a60-8538-7796e0d6c754,19,199,1,blackstorm
029e4be8-0a1c-4a60-8538-7796e0d6c754,20,209,1,blackstorm
029e4be8-0a1c-4a60-8538-7796e0d6c754,21,219,1,blackstorm
029e4be8-0a1c-4a60-8538-7796e0d6c754,22,229,2,blood_throw
029e4be8-0a1c-4a60-8538-7796e0d6c754,23,239,1,blackstorm
029e4be8-0a1c-4a60-8538-7796e0d6c754,24,249,1,blackstorm
029e4be8-0a1c-4a60-8538-7796e0d6c754,25,259,1,blackstorm
029e4be8-0a1c-4a60-8538-7796e0d6c754,26,269,2,blood_throw
029e4be8-0a1c-4a60-8538-7796e0d6c754,27,279,1,blackstorm
029e4be8-0a1c-4a60-8538-7796e0d6c754,28,289,1,blackstorm
029e4be8-0a1c-4a60-8538-7796e0d6c754,29,299,2,blood_throw
029e4be8-0a1c-4a60-8538-7796e0d6c754,30,309,1,blackstorm
029e4be8-0a1c-4a60-8538-7796e0d6c754,31,319,1,blackstorm
029e4be8-0a1c-4a60-8538-7796e0d6c754,32,329,2,blood_throw
029e4be8-0a1c-4a60-8538-7796e0d6c754,33,339,1,blackstorm
029e4be8-0a1c-4a60-8538-7796e0d6c754,34,349,1,blackstorm
029e4be8-0a1c-4a60-8538-7796e0d6c754,35,359,1,blackstorm
029e4be8-0a1c-4a60-8538-7796e0d6c754,36,369,1,blackstorm
029e4be8-0a1c-4a60-8538-7796e0d6c754,37,379,1,blackstorm
029e4be8-0a1c-4a60-8538-7796e0d6c754,38,389,1,blackstorm
029e4be8-0a1c-4a60-8538-7796e0d6c754,39,399,1,blackstorm
029e4be8-0a1c-4a60-8538-7796e0d6c754,40,409,2,blood_throw
029e4be8-0a1c-4a60-8538-7796e0d6c754,41,419,1,blackstorm
029e4be8-0a1c-4a60-8538-7796e0d6c754,42,429,1,blackstorm
02e9d7d9-1108-4059-9d78-0f88919ba883,0,9,1,blackstorm
02e9d7d9-1108-4059-9d78-0f88919ba883,1,19,1,blackstorm
02e9d7d9-1108-4059-9d78-0f88919ba883,2,29,1,blackstorm
02e9d7d9-1108-4059-9d78-0f88919ba883,3,39,1,blackstorm
02e9d7d9-1108-4059-9d78-0f88919ba883,4,49,2,blood_throw
02e9d7d9-1108-4059-9d78-0f88919ba883,5,59,1,blackstorm
02e9d7d9-1108-4059-9d78-0f88919ba883,6,69,1,blackstorm
02e9d7d9-1108-4059-9d78-0f88919ba883,7,79,1,blackstorm
02e9d7d9-1108-4059-9d78-0f88919ba883,8,89,2,blood_throw
02e9d7d9-1108-4059-9d78-0f88919ba883,9,99,1,blackstorm
02e9d7d9-1108-4059-9d78-0f88919ba883,10,109,1,blackstorm
02e9d7d9-1108-4059-9d78-0f88919ba883,11,119,1,blackstorm
02e9d7d9-1108-4059-9d78-0f88919ba883,12,129,1,blackstorm
02e9d7d9-1108-4059-9d78-0f88919ba883,13,139,2,blood_throw
02e9d7d9-1108-4059-9d78-0f88919ba883,14,149,1,blackstorm
02e9d7d9-1108-4059-9d78-0f88919ba883,15,159,1,blackstorm
02e9d7d9-1108-4059-9d78-0f88919ba883,16,169,1,blackstorm
02e9d7d9-1108-4059-9d78-0f88919ba883,17,179,1,blackstorm
02e9d7d9-1108-4059-9d78-0f88919ba883,18,189,1,blackstorm
02e9d7d9-1108-4059-9d78-0f88919ba883,19,199,1,blackstorm
02e9d7d9-1108-4059-9d78-0f88919ba883,20,209,1,blackstorm
02e9d7d9-1108-4059-9d78-0f88919ba883,21,219,1,blackstorm
02e9d7d9-1108-4059-9d78-0f88919ba883,22,229,2,blood_throw
02e9d7d9-1108-4059-9d78-0f88919ba883,23,239,1,blackstorm
02e9d7d9-1108-4059-9d78-0f88919ba883,24,249,1,blackstorm
02e9d7d9-1108-4059-9d78-0f88919ba883,25,259,1,blackstorm
02e9d7d9-1108-4059-9d78-0f88919ba883,26,269,1,blackstorm
02e9d7d9-1108-4059-9d78-0f88919ba883,27,279,2,blood_throw
02e9d7d9-1108-4059-9d78-0f88919ba883,28,289,1,blackstorm
02e9d7d9-1108-4059-9d78-0f88919ba883,29,299,1,blackstorm
02e9d7d9-1108-4059-9d78-0f88919ba883,30,309,1,blackstorm
047e7ac7-29df-44b2-9127-634f58377161,0,9,2,blood_throw
047e7ac7-29df-44b2-9127-634f58377161,1,19,1,blackstorm
047e7ac7-29df-44b2-9127-634f58377161,2,29,1,blackstorm
047e7ac7-29df-44b2-9127-634f58377161,3,39,1,blackstorm
047e7ac7-29df-44b2-9127-634f58377161,4,49,1,blackstorm
047e7ac7-29df-44b2-9127-634f58377161,5,59,2,blood_throw
047e7ac7-29df-44b2-9127-634f58377161,6,69,1,blackstorm
047e7ac7-29df-44b2-9127-634f58377161,7,79,1,blackstorm
047e7ac7-29df-44b2-9127-634f58377161,8,89,1,blackstorm
047e7ac7-29df-44b2-9127-634f58377161,9,99,1,blackstorm
047e7ac7-29df-44b2-9127-634f58377161,10,109,2,blood_throw
047e7ac7-29df-44b2-9127-634f58377161,11,119,1,blackstorm
047e7ac7-29df-44b2-9127-634f58377161,12,129,1,blackstorm
047e7ac7-29df-44b2-9127-634f58377161,13,139,1,blackstorm
047e7ac7-29df-44b2-9127-634f58377161,14,149,2,blood_throw
047e7ac7-29df-44b2-9127-634f58377161,15,159,1,blackstorm
0ffb0fcb-8ebe-428d-8cff-19d4d96aa345,0,9,1,blackstorm
0ffb0fcb-8ebe-428d-8cff-19d4d96aa345,1,19,1,blackstorm
0ffb0fcb-8ebe-428d-8cff-19d4d96aa345,2,29,2,blood_throw
0ffb0fcb-8ebe-428d-8cff-19d4d96aa345,3,39,1,blackstorm
0ffb0fcb-8ebe-428d-8cff-19d4d96aa345,4,49,1,blackstorm
0ffb0fcb-8ebe-428d-8cff-19d4d96aa345,5,59,2,blood_throw
0ffb0fcb-8ebe-428d-8cff-19d4d96aa345,6,69,1,blackstorm
0ffb0fcb-8ebe-428d-8cff-19d4d96aa345,7,79,1,blackstorm
0ffb0fcb-8ebe-428d-8cff-19d4d96aa345,8,89,1,blackstorm
0ffb0fcb-8ebe-428d-8cff-19d4d96aa345,9,99,2,blood_throw
0ffb0fcb-8ebe-428d-8cff-19d4d96aa345,10,109,1,blackstorm
0ffb0fcb-8ebe-428d-8cff-19d4d96aa345,11,119,1,blackstorm
0ffb0fcb-8ebe-428d-8cff-19d4d96aa345,12,129,1,blackstorm
0ffb0fcb-8ebe-428d-8cff-19d4d96aa345,13,139,1,blackstorm
0ffb0fcb-8ebe-428d-8cff-19d4d96aa345,14,149,2,blood_throw
0ffb0fcb-8ebe-428d-8cff-19d4d96aa345,15,159,1,blackstorm
0ffb0fcb-8ebe-428d-8cff-19d4d96aa345,16,169,1,blackstorm
0ffb0fcb-8ebe-428d-8cff-19d4d96aa345,17,179,2,blood_throw
0ffb0fcb-8ebe-428d-8cff-19d4d96aa345,18,189,1,blackstorm
305dfb7c-fd53-482c-9dad-a050913926c4,0,9,2,blood_throw
305dfb7c-fd53-482c-9dad-a050913926c4,1,19,1,blackstorm
305dfb7c-fd53-482c-9dad-a050913926c4,2,29,1,blackstorm
305dfb7c-fd53-482c-9dad-a050913926c4,3,39,1,blackstorm
305dfb7c-fd53-482c-9dad-a050913926c4,4,49,1,blackstorm
305dfb7c-fd53-482c-9dad-a050913926c4,5,59,1,blackstorm
305dfb7c-fd53-482c-9dad-a050913926c4,6,69,1,blackstorm
305dfb7c-fd53-482c-9dad-a050913926c4,7,79,1,blackstorm
305dfb7c-fd53-482c-9dad-a050913926c4,8,89,2,blood_throw
305dfb7c-fd53-482c-9dad-a050913926c4,9,99,1,blackstorm
305dfb7c-fd53-482c-9dad-a050913926c4,10,109,1,blackstorm
305dfb7c-fd53-482c-9dad-a050913926c4,11,119,1,blackstorm
305dfb7c-fd53-482c-9dad-a050913926c4,12,129,1,blackstorm
305dfb7c-fd53-482c-9dad-a050913926c4,13,139,1,blackstorm
305dfb7c-fd53-482c-9dad-a050913926c4,14,149,1,blackstorm
305dfb7c-fd53-482c-9dad-a050913926c4,15,159,1,blackstorm
305dfb7c-fd53-482c-9dad-a050913926c4,16,169,1,blackstorm
305dfb7c-fd53-482c-9dad-a050913926c4,17,179,1,blackstorm
305dfb7c-fd53-482c-9dad-a050913926c4,18,189,1,blackstorm
305dfb7c-fd53-482c-9dad-a050913926c4,19,199,2,blood_throw
305dfb7c-fd53-482c-9dad-a050913926c4,20,209,1,blackstorm
305dfb7c-fd53-482c-9dad-a050913926c4,21,219,1,blackstorm
305dfb7c-fd53-482c-9dad-a050913926c4,22,229,1,blackstorm
305dfb7c-fd53-482c-9dad-a050913926c4,23,239,2,blood_throw
305dfb7c-fd53-482c-9dad-a050913926c4,24,249,1,blackstorm
305dfb7c-fd53-482c-9dad-a050913926c4,25,259,1,blackstorm
305dfb7c-fd53-482c-9dad-a050913926c4,26,269,1,blackstorm
305dfb7c-fd53-482c-9dad-a050913926c4,27,279,1,blackstorm
305dfb7c-fd53-482c-9dad-a050913926c4,28,289,1,blackstorm
305dfb7c-fd53-482c-9dad-a050913926c4,29,299,1,blackstorm
305dfb7c-fd53-482c-9dad-a050913926c4,30,309,2,blood_throw
305dfb7c-fd53-482c-9dad-a050913926c4,31,319,1,blackstorm
305dfb7c-fd53-482c-9dad-a050913926c4,32,329,1,blackstorm
305dfb7c-fd53-482c-9dad-a050913926c4,33,339,1,blackstorm
305dfb7c-fd53-482c-9dad-a050913926c4,34,349,1,blackstorm
305dfb7c-fd53-482c-9dad-a050913926c4,35,359,1,blackstorm
305dfb7c-fd53-482c-9dad-a050913926c4,36,369,2,blood_throw
305dfb7c-fd53-482c-9dad-a050913926c4,37,379,1,blackstorm
305dfb7c-fd53-482c-9dad-a050913926c4,38,389,1,blackstorm
305dfb7c-fd53-482c-9dad-a050913926c4,39,399,1,blackstorm
305dfb7c-fd53-482c-9dad-a050913926c4,40,409,1,blackstorm
305dfb7c-fd53-482c-9dad-a050913926c4,41,419,1,blackstorm
305dfb7c-fd53-482c-9dad-a050913926c4,42,429,1,blackstorm
305dfb7c-fd53-482c-9dad-a050913926c4,43,439,1,blackstorm
305dfb7c-fd53-482c-9dad-a050913926c4,44,449,1,blackstorm
39c0d85d-f6ca-40f4-a04d-5a69843ceb4b,0,9,1,blackstorm
39c0d85d-f6ca-40f4-a04d-5a69843ceb4b,1,19,1,blackstorm
39c0d85d-f6ca-40f4-a04d-5a69843ceb4b,2,29,1,blackstorm
39c0d85d-f6ca-40f4-a04d-5a69843ceb4b,3,39,1,blackstorm
39c0d85d-f6ca-40f4-a04d-5a69843ceb4b,4,49,1,blackstorm
39c0d85d-f6ca-40f4-a04d-5a69843ceb4b,5,59,1,blackstorm
39c0d85d-f6ca-40f4-a04d-5a69843ceb4b,6,69,2,blood_throw
39c0d85d-f6ca-40f4-a04d-5a69843ceb4b,7,79,1,blackstorm
39c0d85d-f6ca-40f4-a04d-5a69843ceb4b,8,89,1,blackstorm
39c0d85d-f6ca-40f4-a04d-5a69843ceb4b,9,99,1,blackstorm
39c0d85d-f6ca-40f4-a04d-5a69843ceb4b,10,109,1,blackstorm
39c0d85d-f6ca-40f4-a04d-5a69843ceb4b,11,119,1,blackstorm
39c0d85d-f6ca-40f4-a04d-5a69843ceb4b,12,129,1,blackstorm
39c0d85d-f6ca-40f4-a04d-5a69843ceb4b,13,139,1,blackstorm
39c0d85d-f6ca-40f4-a04d-5a69843ceb4b,14,149,1,blackstorm
39c0d85d-f6ca-40f4-a04d-5a69843ceb4b,15,159,2,blood_throw
39c0d85d-f6ca-40f4-a04d-5a69843ceb4b,16,169,1,blackstorm
39c0d85d-f6ca-40f4-a04d-5a69843ceb4b,17,179,1,blackstorm
39c0d85d-f6ca-40f4-a04d-5a69843ceb4b,18,189,1,blackstorm
39c0d85d-f6ca-40f4-a04d-5a69843ceb4b,19,199,1,blackstorm
39c0d85d-f6ca-40f4-a04d-5a69843ceb4b,20,209,2,blood_throw
39c0d85d-f6ca-40f4-a04d-5a69843ceb4b,21,219,1,blackstorm
3d30c636-cd48-431a-9efe-6a2a12a31a0e,0,9,1,blackstorm
3d30c636-cd48-431a-9efe-6a2a12a31a0e,1,19,1,blackstorm
3d30c636-cd48-431a-9efe-6a2a12a31a0e,2,29,1,blackstorm
3d30c636-cd48-431a-9efe-6a2a12a31a0e,3,39,1,blackstorm
3d30c636-cd48-431a-9efe-6a2a12a31a0e,4,49,2,blood_throw
3d30c636-cd48-431a-9efe-6a2a12a31a0e,5,59,1,blackstorm
3d30c636-cd48-431a-9efe-6a2a12a31a0e,6,69,1,blackstorm
3d30c636-cd48-431a-9efe-6a2a12a31a0e,7,79,1,blackstorm
3d30c636-cd48-431a-9efe-6a2a12a31a0e,8,89,1,blackstorm
3d30c636-cd48-431a-9efe-6a2a12a31a0e,9,99,1,blackstorm
3d30c636-cd48-431a-9efe-6a2a12a31a0e,10,109,1,blackstorm
3d30c636-cd48-431a-9efe-6a2a12a31a0e,11,119,1,blackstorm
3d30c636-cd48-431a-9efe-6a2a12a31a0e,12,129,1,blackstorm
3d30c636-cd48-431a-9efe-6a2a12a31a0e,13,139,1,blackstorm
3d30c636-cd48-431a-9efe-6a2a12a31a0e,14,149,1,blackstorm
3d30c636-cd48-431a-9efe-6a2a12a31a0e,15,159,2,blood_throw
3d30c636-cd48-431a-9efe-6a2a12a31a0e,16,169,1,blackstorm
3d30c636-cd48-431a-9efe-6a2a12a31a0e,17,179,1,blackstorm
3d30c636-cd48-431a-9efe-6a2a12a31a0e,18,189,1,blackstorm
3d30c636-cd48-431a-9efe-6a2a12a31a0e,19,199,1,blackstorm
56216003-6bb6-4095-a47e-0aecb84e252d,0,9,1,blackstorm
56216003-6bb6-4095-a47e-0aecb84e252d,1,19,1,blackstorm
56216003-6bb6-4095-a47e-0aecb84e252d,2,29,1,blackstorm
56216003-6bb6-4095-a47e-0aecb84e252d,3,39,2,blood_throw
56216003-6bb6-4095-a47e-0aecb84e252d,4,49,1,blackstorm
56216003-6bb6-4095-a47e-0aecb84e252d,5,59,1,blackstorm
56216003-6bb6-4095-a47e-0aecb84e252d,6,69,2,blood_throw
56216003-6bb6-4095-a47e-0aecb84e252d,7,79,1,blackstorm
56216003-6bb6-4095-a47e-0aecb84e252d,8,89,1,blackstorm
56216003-6bb6-4095-a47e-0aecb84e252d,9,99,1,blackstorm
56216003-6bb6-4095-a47e-0aecb84e252d,10,109,1,blackstorm
56216003-6bb6-4095-a47e-0aecb84e252d,11,119,2,blood_throw
56216003-6bb6-4095-a47e-0aecb84e252d,12,129,1,blackstorm
56216003-6bb6-4095-a47e-0aecb84e252d,13,139,1,blackstorm
56216003-6bb6-4095-a47e-0aecb84e252d,14,149,1,blackstorm
56216003-6bb6-4095-a47e-0aecb84e252d,15,159,1,blackstorm
56216003-6bb6-4095-a47e-0aecb84e252d,16,169,1,blackstorm
5905be94-8610-436b-805c-f4b10359086c,0,9,1,blackstorm
5905be94-8610-436b-805c-f4b10359086c,1,19,1,blackstorm
5905be94-8610-436b-805c-f4b10359086c,2,29,1,blackstorm
5905be94-8610-436b-805c-f4b10359086c,3,39,1,blackstorm
5905be94-8610-436b-805c-f4b10359086c,4,49,1,blackstorm
5905be94-8610-436b-805c-f4b10359086c,5,59,1,blackstorm
5905be94-8610-436b-805c-f4b10359086c,6,69,1,blackstorm
5905be94-8610-436b-805c-f4b10359086c,7,79,2,blood_throw
5905be94-8610-436b-805c-f4b10359086c,8,89,1,blackstorm
5905be94-8610-436b-805c-f4b10359086c,9,99,1,blackstorm
5905be94-8610-436b-805c-f4b10359086c,10,109,2,blood_throw
5905be94-8610-436b-805c-f4b10359086c,11,119,1,blackstorm
5905be94-8610-436b-805c-f4b10359086c,12,129,1,blackstorm
5905be94-8610-436b-805c-f4b10359086c,13,139,1,blackstorm
5b6fc2b0-f267-4f13-8d1d-8bfdb8397c6d,0,9,1,blackstorm
5b6fc2b0-f267-4f13-8d1d-8bfdb8397c6d,1,19,1,blackstorm
5b6fc2b0-f267-4f13-8d1d-8bfdb8397c6d,2,29,1,blackstorm
5b6fc2b0-f267-4f13-8d1d-8bfdb8397c6d,3,39,2,blood_throw
5b6fc2b0-f267-4f13-8d1d-8bfdb8397c6d,4,49,1,blackstorm
5b6fc2b0-f267-4f13-8d1d-8bfdb8397c6d,5,59,1,blackstorm
5b6fc2b0-f267-4f13-8d1d-8bfdb8397c6d,6,69,2,blood_throw
5b6fc2b0-f267-4f13-8d1d-8bfdb8397c6d,7,79,1,blackstorm
5b6fc2b0-f267-4f13-8d1d-8bfdb8397c6d,8,89,1,blackstorm
5b6fc2b0-f267-4f13-8d1d-8bfdb8397c6d,9,99,2,blood_throw
5b6fc2b0-f267-4f13-8d1d-8bfdb8397c6d,10,109,1,blackstorm
5b6fc2b0-f267-4f13-8d1d-8bfdb8397c6d,11,119,1,blackstorm
5b6fc2b0-f267-4f13-8d1d-8bfdb8397c6d,12,129,1,blackstorm
5b6fc2b0-f267-4f13-8d1d-8bfdb8397c6d,13,139,2,blood_throw
5b6fc2b0-f267-4f13-8d1d-8bfdb8397c6d,14,149,1,blackstorm
5b6fc2b0-f267-4f13-8d1d-8bfdb8397c6d,15,159,1,blackstorm
5b6fc2b0-f267-4f13-8d1d-8bfdb8397c6d,16,169,1,blackstorm
5b6fc2b0-f267-4f13-8d1d-8bfdb8397c6d,17,179,2,blood_throw
5b6fc2b0-f267-4f13-8d1d-8bfdb8397c6d,18,189,1,blackstorm
5b6fc2b0-f267-4f13-8d1d-8bfdb8397c6d,19,199,1,blackstorm
5b6fc2b0-f267-4f13-8d1d-8bfdb8397c6d,20,209,1,blackstorm
5b6fc2b0-f267-4f13-8d1d-8bfdb8397c6d,21,219,2,blood_throw
5b6fc2b0-f267-4f13-8d1d-8bfdb8397c6d,22,229,1,blackstorm
5b6fc2b0-f267-4f13-8d1d-8bfdb8397c6d,23,239,1,blackstorm
5b6fc2b0-f267-4f13-8d1d-8bfdb8397c6d,24,249,1,blackstorm
5b6fc2b0-f267-4f13-8d1d-8bfdb8397c6d,25,259,2,blood_throw
5b6fc2b0-f267-4f13-8d1d-8bfdb8397c6d,26,269,1,blackstorm
5b6fc2b0-f267-4f13-8d1d-8bfdb8397c6d,27,279,1,blackstorm
5b6fc2b0-f267-4f13-8d1d-8bfdb8397c6d,28,289,1,blackstorm
5b6fc2b0-f267-4f13-8d1d-8bfdb8397c6d,29,299,1,blackstorm
5b6fc2b0-f267-4f13-8d1d-8bfdb8397c6d,30,309,1,blackstorm
5b6fc2b0-f267-4f13-8d1d-8bfdb8397c6d,31,319,2,blood_throw
5b6fc2b0-f267-4f13-8d1d-8bfdb8397c6d,32,329,1,blackstorm
5b6fc2b0-f267-4f13-8d1d-8bfdb8397c6d,33,339,1,blackstorm
5b6fc2b0-f267-4f13-8d1d-8bfdb8397c6d,34,349,1,blackstorm
5b6fc2b0-f267-4f13-8d1d-8bfdb8397c6d,35,359,1,blackstorm
5b6fc2b0-f267-4f13-8d1d-8bfdb8397c6d,36,369,1,blackstorm
5b6fc2b0-f267-4f13-8d1d-8bfdb8397c6d,37,379,1,blackstorm
5b6fc2b0-f267-4f13-8d1d-8bfdb8397c6d,38,389,1,blackstorm
5b6fc2b0-f267-4f13-8d1d-8bfdb8397c6d,39,399,1,blackstorm
5b6fc2b0-f267-4f13-8d1d-8bfdb8397c6d,40,409,1,blackstorm
5b6fc2b0-f267-4f13-8d1d-8bfdb8397c6d,41,419,1,blackstorm
5b6fc2b0-f267-4f13-8d1d-8bfdb8397c6d,42,429,2,blood_throw
5b6fc2b0-f267-4f13-8d1d-8bfdb8397c6d,43,439,1,blackstorm
605f697e-ba8b-4324-b550-7bf3c4c3ea02,0,9,1,blackstorm
605f697e-ba8b-4324-b550-7bf3c4c3ea02,1,19,1,blackstorm
605f697e-ba8b-4324-b550-7bf3c4c3ea02,2,29,1,blackstorm
605f697e-ba8b-4324-b550-7bf3c4c3ea02,3,39,2,blood_throw
605f697e-ba8b-4324-b550-7bf3c4c3ea02,4,49,1,blackstorm
605f697e-ba8b-4324-b550-7bf3c4c3ea02,5,59,1,blackstorm
605f697e-ba8b-4324-b550-7bf3c4c3ea02,6,69,1,blackstorm
605f697e-ba8b-4324-b550-7bf3c4c3ea02,7,79,1,blackstorm
605f697e-ba8b-4324-b550-7bf3c4c3ea02,8,89,2,blood_throw
605f697e-ba8b-4324-b550-7bf3c4c3ea02,9,99,1,blackstorm
605f697e-ba8b-4324-b550-7bf3c4c3ea02,10,109,1,blackstorm
605f697e-ba8b-4324-b550-7bf3c4c3ea02,11,119,1,blackstorm
605f697e-ba8b-4324-b550-7bf3c4c3ea02,12,129,1,blackstorm
605f697e-ba8b-4324-b550-7bf3c4c3ea02,13,139,1,blackstorm
605f697e-ba8b-4324-b550-7bf3c4c3ea02,14,149,1,blackstorm
605f697e-ba8b-4324-b550-7bf3c4c3ea02,15,159,1,blackstorm
605f697e-ba8b-4324-b550-7bf3c4c3ea02,16,169,1,blackstorm
605f697e-ba8b-4324-b550-7bf3c4c3ea02,17,179,2,blood_throw
605f697e-ba8b-4324-b550-7bf3c4c3ea02,18,189,1,blackstorm
605f697e-ba8b-4324-b550-7bf3c4c3ea02,19,199,1,blackstorm
605f697e-ba8b-4324-b550-7bf3c4c3ea02,20,209,1,blackstorm
605f697e-ba8b-4324-b550-7bf3c4c3ea02,21,219,1,blackstorm
605f697e-ba8b-4324-b550-7bf3c4c3ea02,22,229,1,blackstorm
605f697e-ba8b-4324-b550-7bf3c4c3ea02,23,239,2,blood_throw
605f697e-ba8b-4324-b550-7bf3c4c3ea02,24,249,1,blackstorm
605f697e-ba8b-4324-b550-7bf3c4c3ea02,25,259,1,blackstorm
605f697e-ba8b-4324-b550-7bf3c4c3ea02,26,269,2,blood_throw
605f697e-ba8b-4324-b550-7bf3c4c3ea02,27,279,1,blackstorm
605f697e-ba8b-4324-b550-7bf3c4c3ea02,28,289,1,blackstorm
605f697e-ba8b-4324-b550-7bf3c4c3ea02,29,299,2,blood_throw
605f697e-ba8b-4324-b550-7bf3c4c3ea02,30,309,1,blackstorm
605f697e-ba8b-4324-b550-7bf3c4c3ea02,31,319,1,blackstorm
605f697e-ba8b-4324-b550-7bf3c4c3ea02,32,329,1,blackstorm
605f697e-ba8b-4324-b550-7bf3c4c3ea02,33,339,1,blackstorm
605f697e-ba8b-4324-b550-7bf3c4c3ea02,34,349,2,blood_throw
605f697e-ba8b-4324-b550-7bf3c4c3ea02,35,359,1,blackstorm
605f697e-ba8b-4324-b550-7bf3c4c3ea02,36,369,1,blackstorm
605f697e-ba8b-4324-b550-7bf3c4c3ea02,37,379,2,blood_throw
605f697e-ba8b-4324-b550-7bf3c4c3ea02,38,389,1,blackstorm
605f697e-ba8b-4324-b550-7bf3c4c3ea02,39,399,1,blackstorm
605f697e-ba8b-4324-b550-7bf3c4c3ea02,40,409,1,blackstorm
605f697e-ba8b-4324-b550-7bf3c4c3ea02,41,419,1,blackstorm
605f697e-ba8b-4324-b550-7bf3c4c3ea02,42,429,1,blackstorm
605f697e-ba8b-4324-b550-7bf3c4c3ea02,43,439,1,blackstorm
605f697e-ba8b-4324-b550-7bf3c4c3ea02,44,449,2,blood_throw
605f697e-ba8b-4324-b550-7bf3c4c3ea02,45,459,1,blackstorm
630f537c-d33a-45cb-9b00-f0dcadb0cc38,0,9,2,blood_throw
630f537c-d33a-45cb-9b00-f0dcadb0cc38,1,19,1,blackstorm
630f537c-d33a-45cb-9b00-f0dcadb0cc38,2,29,1,blackstorm
630f537c-d33a-45cb-9b00-f0dcadb0cc38,3,39,2,blood_throw
630f537c-d33a-45cb-9b00-f0dcadb0cc38,4,49,1,blackstorm
630f537c-d33a-45cb-9b00-f0dcadb0cc38,5,59,1,blackstorm
630f537c-d33a-45cb-9b00-f0dcadb0cc38,6,69,1,blackstorm
630f537c-d33a-45cb-9b00-f0dcadb0cc38,7,79,2,blood_throw
630f537c-d33a-45cb-9b00-f0dcadb0cc38,8,89,1,blackstorm
630f537c-d33a-45cb-9b00-f0dcadb0cc38,9,99,1,blackstorm
630f537c-d33a-45cb-9b00-f0dcadb0cc38,10,109,2,blood_throw
630f537c-d33a-45cb-9b00-f0dcadb0cc38,11,119,1,blackstorm
630f537c-d33a-45cb-9b00-f0dcadb0cc38,12,129,1,blackstorm
630f537c-d33a-45cb-9b00-f0dcadb0cc38,13,139,1,blackstorm
630f537c-d33a-45cb-9b00-f0dcadb0cc38,14,149,2,blood_throw
630f537c-d33a-45cb-9b00-f0dcadb0cc38,15,159,1,blackstorm
630f537c-d33a-45cb-9b00-f0dcadb0cc38,16,169,1,blackstorm
630f537c-d33a-45cb-9b00-f0dcadb0cc38,17,179,1,blackstorm
630f537c-d33a-45cb-9b00-f0dcadb0cc38,18,189,1,blackstorm
74700b67-6c79-41d8-b441-c7d96629348a,0,9,1,blackstorm
74700b67-6c79-41d8-b441-c7d96629348a,1,19,2,blood_throw
74700b67-6c79-41d8-b441-c7d96629348a,2,29,1,blackstorm
74700b67-6c79-41d8-b441-c7d96629348a,3,39,1,blackstorm
74700b67-6c79-41d8-b441-c7d96629348a,4,49,2,blood_throw
74700b67-6c79-41d8-b441-c7d96629348a,5,59,1,blackstorm
74700b67-6c79-41d8-b441-c7d96629348a,6,69,1,blackstorm
74700b67-6c79-41d8-b441-c7d96629348a,7,79,1,blackstorm
74700b67-6c79-41d8-b441-c7d96629348a,8,89,2,blood_throw
74700b67-6c79-41d8-b441-c7d96629348a,9,99,1,blackstorm
74700b67-6c79-41d8-b441-c7d96629348a,10,109,1,blackstorm
74700b67-6c79-41d8-b441-c7d96629348a,11,119,1,blackstorm
74700b67-6c79-41d8-b441-c7d96629348a,12,129,1,blackstorm
74700b67-6c79-41d8-b441-c7d96629348a,13,139,1,blackstorm
7ca85464-b9da-470c-a984-82865ece18dc,0,9,1,blackstorm
7ca85464-b9da-470c-a984-82865ece18dc,1,19,1,blackstorm
7ca85464-b9da-470c-a984-82865ece18dc,2,29,2,blood_throw
7ca85464-b9da-470c-a984-82865ece18dc,3,39,1,blackstorm
7ca85464-b9da-470c-a984-82865ece18dc,4,49,1,blackstorm
7ca85464-b9da-470c-a984-82865ece18dc,5,59,1,blackstorm
7ca85464-b9da-470c-a984-82865ece18dc,6,69,1,blackstorm
7ca85464-b9da-470c-a984-82865ece18dc,7,79,1,blackstorm
7ca85464-b9da-470c-a984-82865ece18dc,8,89,1,blackstorm
7ca85464-b9da-470c-a984-82865ece18dc,9,99,1,blackstorm
7ca85464-b9da-470c-a984-82865ece18dc,10,109,2,blood_throw
7ca85464-b9da-470c-a984-82865ece18dc,11,119,1,blackstorm
7ca85464-b9da-470c-a984-82865ece18dc,12,129,1,blackstorm
7dd4a479-72ef-4813-a3af-c3e728595a0c,0,9,2,blood_throw
7dd4a479-72ef-4813-a3af-c3e728595a0c,1,19,1,blackstorm
7dd4a479-72ef-4813-a3af-c3e728595a0c,2,29,1,blackstorm
7dd4a479-72ef-4813-a3af-c3e728595a0c,3,39,1,blackstorm
7dd4a479-72ef-4813-a3af-c3e728595a0c,4,49,1,blackstorm
7dd4a479-72ef-4813-a3af-c3e728595a0c,5,59,2,blood_throw
7dd4a479-72ef-4813-a3af-c3e728595a0c,6,69,1,blackstorm
7dd4a479-72ef-4813-a3af-c3e728595a0c,7,79,1,blackstorm
7dd4a479-72ef-4813-a3af-c3e728595a0c,8,89,1,blackstorm
7dd4a479-72ef-4813-a3af-c3e728595a0c,9,99,1,blackstorm
7dd4a479-72ef-4813-a3af-c3e728595a0c,10,109,2,blood_throw
7dd4a479-72ef-4813-a3af-c3e728595a0c,11,119,1,blackstorm
7dd4a479-72ef-4813-a3af-c3e728595a0c,12,129,1,blackstorm
7dd4a479-72ef-4813-a3af-c3e728595a0c,13,139,2,blood_throw
7dd4a479-72ef-4813-a3af-c3e728595a0c,14,149,1,blackstorm
7dd4a479-72ef-4813-a3af-c3e728595a0c,15,159,1,blackstorm
7dd4a479-72ef-4813-a3af-c3e728595a0c,16,169,1,blackstorm
7dd4a479-72ef-4813-a3af-c3e728595a0c,17,179,1,blackstorm
99a19877-b298-4f81-920a-4dab071af96f,0,9,1,blackstorm
99a19877-b298-4f81-920a-4dab071af96f,1,19,2,blood_throw
99a19877-b298-4f81-920a-4dab071af96f,2,29,1,blackstorm
99a19877-b298-4f81-920a-4dab071af96f,3,39,1,blackstorm
99a19877-b298-4f81-920a-4dab071af96f,4,49,1,blackstorm
99a19877-b298-4f81-920a-4dab071af96f,5,59,2,blood_throw
99a19877-b298-4f81-920a-4dab071af96f,6,69,1,blackstorm
99a19877-b298-4f81-920a-4dab071af96f,7,79,1,blackstorm
99a19877-b298-4f81-920a-4dab071af96f,8,89,2,blood_throw
99a19877-b298-4f81-920a-4dab071af96f,9,99,1,blackstorm
99a19877-b298-4f81-920a-4dab071af96f,10,109,1,blackstorm
99a19877-b298-4f81-920a-4dab071af96f,11,119,2,blood_throw
99a19877-b298-4f81-920a-4dab071af96f,12,129,1,blackstorm
9b6110bc-8dfa-4182-a8c1-02eccc1270b1,0,9,1,blackstorm
9b6110bc-8dfa-4182-a8c1-02eccc1270b1,1,19,2,blood_throw
9b6110bc-8dfa-4182-a8c1-02eccc1270b1,2,29,1,blackstorm
9b6110bc-8dfa-4182-a8c1-02eccc1270b1,3,39,1,blackstorm
9b6110bc-8dfa-4182-a8c1-02eccc1270b1,4,49,2,blood_throw
9b6110bc-8dfa-4182-a8c1-02eccc1270b1,5,59,1,blackstorm
9b6110bc-8dfa-4182-a8c1-02eccc1270b1,6,69,1,blackstorm
9b6110bc-8dfa-4182-a8c1-02eccc1270b1,7,79,1,blackstorm
9b6110bc-8dfa-4182-a8c1-02eccc1270b1,8,89,1,blackstorm
9b6110bc-8dfa-4182-a8c1-02eccc1270b1,9,99,2,blood_throw
9b6110bc-8dfa-4182-a8c1-02eccc1270b1,10,109,1,blackstorm
9b6110bc-8dfa-4182-a8c1-02eccc1270b1,11,119,1,blackstorm
9b6110bc-8dfa-4182-a8c1-02eccc1270b1,12,129,1,blackstorm
9b6110bc-8dfa-4182-a8c1-02eccc1270b1,13,139,2,blood_throw
9b6110bc-8dfa-4182-a8c1-02eccc1270b1,14,149,1,blackstorm
9b6110bc-8dfa-4182-a8c1-02eccc1270b1,15,159,1,blackstorm
9b6110bc-8dfa-4182-a8c1-02eccc1270b1,16,169,2,blood_throw
a2968a27-1164-47cb-be4a-c5903764b9c9,0,9,1,blackstorm
a2968a27-1164-47cb-be4a-c5903764b9c9,1,19,2,blood_throw
a2968a27-1164-47cb-be4a-c5903764b9c9,2,29,1,blackstorm
a2968a27-1164-47cb-be4a-c5903764b9c9,3,39,1,blackstorm
a2968a27-1164-47cb-be4a-c5903764b9c9,4,49,2,blood_throw
a2968a27-1164-47cb-be4a-c5903764b9c9,5,59,1,blackstorm
a2968a27-1164-47cb-be4a-c5903764b9c9,6,69,1,blackstorm
a2968a27-1164-47cb-be4a-c5903764b9c9,7,79,2,blood_throw
a2968a27-1164-47cb-be4a-c5903764b9c9,8,89,1,blackstorm
a2968a27-1164-47cb-be4a-c5903764b9c9,9,99,1,blackstorm
a2968a27-1164-47cb-be4a-c5903764b9c9,10,109,1,blackstorm
a2968a27-1164-47cb-be4a-c5903764b9c9,11,119,1,blackstorm
a2968a27-1164-47cb-be4a-c5903764b9c9,12,129,1,blackstorm
a2968a27-1164-47cb-be4a-c5903764b9c9,13,139,1,blackstorm
a2968a27-1164-47cb-be4a-c5903764b9c9,14,149,1,blackstorm
a2968a27-1164-47cb-be4a-c5903764b9c9,15,159,1,blackstorm
a2968a27-1164-47cb-be4a-c5903764b9c9,16,169,1,blackstorm
a2968a27-1164-47cb-be4a-c5903764b9c9,17,179,1,blackstorm
a2968a27-1164-47cb-be4a-c5903764b9c9,18,189,1,blackstorm
c695912b-8120-4096-96e5-4c57bc61e152,0,9,1,blackstorm
c695912b-8120-4096-96e5-4c57bc61e152,1,19,1,blackstorm
c695912b-8120-4096-96e5-4c57bc61e152,2,29,2,blood_throw
c695912b-8120-4096-96e5-4c57bc61e152,3,39,1,blackstorm
c695912b-8120-4096-96e5-4c57bc61e152,4,49,1,blackstorm
c695912b-8120-4096-96e5-4c57bc61e152,5,59,1,blackstorm
c695912b-8120-4096-96e5-4c57bc61e152,6,69,1,blackstorm
c695912b-8120-4096-96e5-4c57bc61e152,7,79,2,blood_throw
c695912b-8120-4096-96e5-4c57bc61e152,8,89,1,blackstorm
c695912b-8120-4096-96e5-4c57bc61e152,9,99,1,blackstorm
c695912b-8120-4096-96e5-4c57bc61e152,10,109,1,blackstorm
c695912b-8120-4096-96e5-4c57bc61e152,11,119,2,blood_throw
c695912b-8120-4096-96e5-4c57bc61e152,12,129,1,blackstorm
d5ef6c12-42cf-428c-9580-14abe398b3a8,0,10,1,blackstorm
d5ef6c12-42cf-428c-9580-14abe398b3a8,1,20,1,blackstorm
d5ef6c12-42cf-428c-9580-14abe398b3a8,2,30,1,blackstorm
d5ef6c12-42cf-428c-9580-14abe398b3a8,3,40,1,blackstorm
d5ef6c12-42cf-428c-9580-14abe398b3a8,4,50,1,blackstorm
d5ef6c12-42cf-428c-9580-14abe398b3a8,5,60,1,blackstorm
d5ef6c12-42cf-428c-9580-14abe398b3a8,6,70,2,blood_throw
d5ef6c12-42cf-428c-9580-14abe398b3a8,7,80,1,blackstorm
d5ef6c12-42cf-428c-9580-14abe398b3a8,8,90,1,blackstorm
d5ef6c12-42cf-428c-9580-14abe398b3a8,9,100,2,blood_throw
d5ef6c12-42cf-428c-9580-14abe398b3a8,10,110,1,blackstorm
d5ef6c12-42cf-428c-9580-14abe398b3a8,11,120,1,blackstorm
d5ef6c12-42cf-428c-9580-14abe398b3a8,12,130,2,blood_throw
d5ef6c12-42cf-428c-9580-14abe398b3a8,13,140,1,blackstorm
ec129d16-ceaf-4a33-bb6e-fee4060c2607,0,9,1,blackstorm
ec129d16-ceaf-4a33-bb6e-fee4060c2607,1,19,1,blackstorm
ec129d16-ceaf-4a33-bb6e-fee4060c2607,2,29,1,blackstorm
ec129d16-ceaf-4a33-bb6e-fee4060c2607,3,39,1,blackstorm
ec129d16-ceaf-4a33-bb6e-fee4060c2607,4,49,2,blood_throw
ec129d16-ceaf-4a33-bb6e-fee4060c2607,5,59,1,blackstorm
ec129d16-ceaf-4a33-bb6e-fee4060c2607,6,69,1,blackstorm
ec129d16-ceaf-4a33-bb6e-fee4060c2607,7,79,2,blood_throw
ec129d16-ceaf-4a33-bb6e-fee4060c2607,8,89,1,blackstorm
ec129d16-ceaf-4a33-bb6e-fee4060c2607,9,99,1,blackstorm
ec129d16-ceaf-4a33-bb6e-fee4060c2607,10,109,1,blackstorm
ec129d16-ceaf-4a33-bb6e-fee4060c2607,11,119,1,blackstorm
ec129d16-ceaf-4a33-bb6e-fee4060c2607,12,129,1,blackstorm
ec129d16-ceaf-4a33-bb6e-fee4060c2607,13,139,1,blackstorm
ec129d16-ceaf-4a33-bb6e-fee4060c2607,14,149,2,blood_throw
ec129d16-ceaf-4a33-bb6e-fee4060c2607,15,159,1,blackstorm
ec129d16-ceaf-4a33-bb6e-fee4060c2607,16,169,1,blackstorm
ec129d16-ceaf-4a33-bb6e-fee4060c2607,17,179,2,blood_throw
ec129d16-ceaf-4a33-bb6e-fee4060c2607,18,189,1,blackstorm
ec129d16-ceaf-4a33-bb6e-fee4060c2607,19,199,1,blackstorm
ec129d16-ceaf-4a33-bb6e-fee4060c2607,20,209,1,blackstorm
ec129d16-ceaf-4a33-bb6e-fee4060c2607,21,219,1,blackstorm
ec129d16-ceaf-4a33-bb6e-fee4060c2607,22,229,1,blackstorm
ec129d16-ceaf-4a33-bb6e-fee4060c2607,23,239,2,blood_throw
ec129d16-ceaf-4a33-bb6e-fee4060c2607,24,249,1,blackstorm
ec129d16-ceaf-4a33-bb6e-fee4060c2607,25,259,1,blackstorm
ec129d16-ceaf-4a33-bb6e-fee4060c2607,26,269,1,blackstorm
ec129d16-ceaf-4a33-bb6e-fee4060c2607,27,279,2,blood_throw
ec129d16-ceaf-4a33-bb6e-fee4060c2607,28,289,1,blackstorm
ec129d16-ceaf-4a33-bb6e-fee4060c2607,29,299,1,blackstorm
ec129d16-ceaf-4a33-bb6e-fee4060c2607,30,309,2,blood_throw
ec129d16-ceaf-4a33-bb6e-fee4060c2607,31,319,1,blackstorm
ec129d16-ceaf-4a33-bb6e-fee4060c2607,32,329,1,blackstorm
ec129d16-ceaf-4a33-bb6e-fee4060c2607,33,339,2,blood_throw
ec129d16-ceaf-4a33-bb6e-fee4060c2607,34,349,1,blackstorm
ec129d16-ceaf-4a33-bb6e-fee4060c2607,35,359,1,blackstorm
ec129d16-ceaf-4a33-bb6e-fee4060c2607,36,369,1,blackstorm
ec129d16-ceaf-4a33-bb6e-fee4060c2607,37,379,1,blackstorm
eee9a190-f2af-4354-bf84-1e2990e77891,0,9,1,blackstorm
eee9a190-f2af-4354-bf84-1e2990e77891,1,19,2,blood_throw
eee9a190-f2af-4354-bf84-1e2990e77891,2,29,1,blackstorm
eee9a190-f2af-4354-bf84-1e2990e77891,3,39,1,blackstorm
eee9a190-f2af-4354-bf84-1e2990e77891,4,49,1,blackstorm
eee9a190-f2af-4354-bf84-1e2990e77891,5,59,1,blackstorm
eee9a190-f2af-4354-bf84-1e2990e77891,6,69,1,blackstorm
eee9a190-f2af-4354-bf84-1e2990e77891,7,79,1,blackstorm
eee9a190-f2af-4354-bf84-1e2990e77891,8,89,2,blood_throw
eee9a190-f2af-4354-bf84-1e2990e77891,9,99,1,blackstorm
eee9a190-f2af-4354-bf84-1e2990e77891,10,109,1,blackstorm
eee9a190-f2af-4354-bf84-1e2990e77891,11,119,1,blackstorm
eee9a190-f2af-4354-bf84-1e2990e77891,12,129,1,blackstorm
f0ac6d63-deeb-4637-8d5d-0076cb0a2094,0,9,1,blackstorm
f0ac6d63-deeb-4637-8d5d-0076cb0a2094,1,19,1,blackstorm
f0ac6d63-deeb-4637-8d5d-0076cb0a2094,2,29,1,blackstorm
f0ac6d63-deeb-4637-8d5d-0076cb0a2094,3,39,2,blood_throw
f0ac6d63-deeb-4637-8d5d-0076cb0a2094,4,49,1,blackstorm
f0ac6d63-deeb-4637-8d5d-0076cb0a2094,5,59,1,blackstorm
f0ac6d63-deeb-4637-8d5d-0076cb0a2094,6,69,1,blackstorm
f0ac6d63-deeb-4637-8d5d-0076cb0a2094,7,79,2,blood_throw
f0ac6d63-deeb-4637-8d5d-0076cb0a2094,8,89,1,blackstorm
f0ac6d63-deeb-4637-8d5d-0076cb0a2094,9,99,1,blackstorm
f0ac6d63-deeb-4637-8d5d-0076cb0a2094,10,109,2,blood_throw
f0ac6d63-deeb-4637-8d5d-0076cb0a2094,11,119,1,blackstorm
f0ac6d63-deeb-4637-8d5d-0076cb0a2094,12,129,1,blackstorm
f0ac6d63-deeb-4637-8d5d-0076cb0a2094,13,139,1,blackstorm
f0ac6d63-deeb-4637-8d5d-0076cb0a2094,14,149,1,blackstorm
f0ac6d63-deeb-4637-8d5d-0076cb0a2094,15,159,2,blood_throw
f0ac6d63-deeb-4637-8d5d-0076cb0a2094,16,169,1,blackstorm
f0ac6d63-deeb-4637-8d5d-0076cb0a2094,17,179,1,blackstorm
f0ac6d63-deeb-4637-8d5d-0076cb0a2094,18,189,1,blackstorm
f0ac6d63-deeb-4637-8d5d-0076cb0a2094,19,199,1,blackstorm
f0ac6d63-deeb-4637-8d5d-0076cb0a2094,20,209,2,blood_throw
f0ac6d63-deeb-4637-8d5d-0076cb0a2094,21,219,1,blackstorm
f0ac6d63-deeb-4637-8d5d-0076cb0a2094,22,229,1,blackstorm
f0ac6d63-deeb-4637-8d5d-0076cb0a2094,23,239,1,blackstorm
f0ac6d63-deeb-4637-8d5d-0076cb0a2094,24,249,1,blackstorm
f0ac6d63-deeb-4637-8d5d-0076cb0a2094,25,259,1,blackstorm
f0ac6d63-deeb-4637-8d5d-0076cb0a2094,26,269,1,blackstorm
f0ac6d63-deeb-4637-8d5d-0076cb0a2094,27,279,1,blackstorm
f0ac6d63-deeb-4637-8d5d-0076cb0a2094,28,289,1,blackstorm
f0ac6d63-deeb-4637-8d5d-0076cb0a2094,29,299,1,blackstorm
f0ac6d63-deeb-4637-8d5d-0076cb0a2094,30,309,1,blackstorm
f0ac6d63-deeb-4637-8d5d-0076cb0a2094,31,319,1,blackstorm
f0ac6d63-deeb-4637-8d5d-0076cb0a2094,32,329,1,blackstorm
f0ac6d63-deeb-4637-8d5d-0076cb0a2094,33,339,1,blackstorm
f0ac6d63-deeb-4637-8d5d-0076cb0a2094,34,349,1,blackstorm
f0ac6d63-deeb-4637-8d5d-0076cb0a2094,35,359,1,blackstorm
f0ac6d63-deeb-4637-8d5d-0076cb0a2094,36,369,1,blackstorm
f0ac6d63-deeb-4637-8d5d-0076cb0a2094,37,379,1,blackstorm
f0ac6d63-deeb-4637-8d5d-0076cb0a2094,38,389,1,blackstorm
f0ac6d63-deeb-4637-8d5d-0076cb0a2094,39,399,2,blood_throw
f0ac6d63-deeb-4637-8d5d-0076cb0a2094,40,409,1,blackstorm
f0ac6d63-deeb-4637-8d5d-0076cb0a2094,41,419,1,blackstorm
f0ac6d63-deeb-4637-8d5d-0076cb0a2094,42,429,2,blood_throw
fcd05c70-cca4-4089-8e3f-77e3c8f9f493,0,9,1,blackstorm
fcd05c70-cca4-4089-8e3f-77e3c8f9f493,1,19,2,blood_throw
fcd05c70-cca4-4089-8e3f-77e3c8f9f493,2,29,1,blackstorm
fcd05c70-cca4-4089-8e3f-77e3c8f9f493,3,39,1,blackstorm
fcd05c70-cca4-4089-8e3f-77e3c8f9f493,4,49,1,blackstorm
fcd05c70-cca4-4089-8e3f-77e3c8f9f493,5,59,1,blackstorm
fcd05c70-cca4-4089-8e3f-77e3c8f9f493,6,69,2,blood_throw
fcd05c70-cca4-4089-8e3f-77e3c8f9f493,7,79,1,blackstorm
fcd05c70-cca4-4089-8e3f-77e3c8f9f493,8,89,1,blackstorm
fcd05c70-cca4-4089-8e3f-77e3c8f9f493,9,99,1,blackstorm
fcd05c70-cca4-4089-8e3f-77e3c8f9f493,10,109,2,blood_throw
fcd05c70-cca4-4089-8e3f-77e3c8f9f493,11,119,1,blackstorm
fcd05c70-cca4-4089-8e3f-77e3c8f9f493,12,129,1,blackstorm
fcd05c70-cca4-4089-8e3f-77e3c8f9f493,13,139,2,blood_throw
fcd05c70-cca4-4089-8e3f-77e3c8f9f493,14,149,1,blackstorm
fcd05c70-cca4-4089-8e3f-77e3c8f9f493,15,159,1,blackstorm
fcd05c70-cca4-4089-8e3f-77e3c8f9f493,16,169,2,blood_throw
fcd05c70-cca4-4089-8e3f-77e3c8f9f493,17,179,1,blackstorm
fcd05c70-cca4-4089-8e3f-77e3c8f9f493,18,189,1,blackstorm
